Region,TotalOwner,TotalRenter,MarriedOwner,MarriedRenter,MaleOwner,MaleRenter,FemaleOwner,FemaleRenter,NonfamilyOwner,NonfamilyRenter
Alabama,69%,31%,85%,15%,62%,38%,50%,50%,56%,44%
Alaska,65%,35%,77%,23%,57%,43%,52%,48%,52%,48%
Arizona,65%,35%,80%,20%,55%,45%,48%,52%,53%,47%
Arkansas,66%,34%,82%,18%,56%,44%,45%,55%,53%,47%
California,55%,45%,68%,32%,46%,54%,42%,59%,42%,58%
Colorado,66%,34%,81%,19%,56%,44%,52%,48%,50%,50%
Connecticut,66%,34%,84%,16%,56%,44%,47%,53%,50%,50%
Delaware,71%,29%,86%,14%,65%,35%,55%,45%,58%,42%
District of Columbia,43%,58%,67%,33%,44%,56%,34%,66%,34%,67%
Florida,66%,34%,79%,21%,54%,46%,50%,51%,57%,43%
Georgia,64%,36%,81%,20%,54%,46%,45%,55%,50%,50%
Hawaii,60%,40%,69%,31%,56%,44%,53%,47%,50%,50%
Idaho,71%,29%,83%,17%,61%,40%,54%,46%,56%,44%
Illinois,66%,34%,84%,16%,58%,42%,49%,52%,51%,50%
Indiana,70%,31%,86%,14%,62%,38%,51%,49%,54%,46%
Iowa,71%,29%,88%,12%,65%,35%,52%,48%,54%,46%
Kansas,66%,34%,84%,17%,58%,42%,46%,54%,48%,52%
Kentucky,68%,32%,83%,17%,59%,41%,48%,52%,55%,46%
Louisiana,67%,33%,85%,15%,60%,40%,49%,51%,53%,47%
Maine,73%,27%,89%,11%,69%,31%,58%,42%,57%,43%
Maryland,67%,33%,83%,17%,59%,41%,52%,48%,52%,48%
Massachusetts,63%,38%,82%,18%,56%,44%,46%,54%,45%,56%
Michigan,72%,28%,88%,12%,67%,33%,54%,46%,57%,43%
Minnesota,72%,28%,89%,11%,68%,33%,54%,46%,54%,46%
Mississippi,69%,31%,85%,15%,62%,38%,50%,50%,58%,42%
Missouri,67%,33%,84%,16%,58%,42%,48%,52%,52%,49%
Montana,69%,32%,84%,17%,58%,42%,54%,46%,54%,46%
Nebraska,66%,34%,84%,16%,54%,46%,47%,53%,48%,52%
Nevada,57%,43%,72%,28%,49%,51%,41%,59%,46%,54%
New Hampshire,71%,29%,87%,13%,63%,37%,55%,45%,53%,47%
New Jersey,64%,36%,79%,21%,51%,49%,46%,54%,49%,51%
New Mexico,68%,32%,82%,18%,62%,38%,55%,45%,57%,43%
New York,54%,46%,72%,28%,48%,52%,38%,62%,40%,60%
North Carolina,66%,34%,82%,18%,55%,45%,46%,54%,52%,48%
North Dakota,63%,38%,83%,17%,55%,45%,47%,53%,43%,57%
Ohio,66%,34%,85%,15%,58%,42%,45%,55%,51%,49%
Oklahoma,66%,34%,82%,18%,57%,43%,47%,54%,53%,47%
Oregon,63%,37%,79%,21%,53%,47%,47%,53%,47%,53%
Pennsylvania,69%,31%,86%,14%,63%,37%,52%,48%,53%,48%
Rhode Island,62%,38%,81%,19%,57%,43%,44%,56%,45%,55%
South Carolina,70%,30%,85%,15%,59%,41%,52%,48%,58%,42%
South Dakota,68%,32%,86%,14%,60%,40%,48%,52%,50%,50%
Tennessee,67%,34%,83%,17%,57%,43%,47%,53%,53%,48%
Texas,62%,38%,78%,22%,53%,47%,47%,53%,45%,55%
Utah,71%,30%,81%,19%,57%,43%,56%,44%,53%,47%
Vermont,71%,29%,88%,12%,63%,37%,57%,43%,55%,45%
Virginia,67%,33%,81%,19%,58%,42%,49%,52%,53%,47%
Washington,63%,37%,79%,21%,53%,47%,49%,51%,46%,54%
West Virginia,74%,26%,87%,13%,65%,35%,56%,44%,62%,38%
Wisconsin,67%,33%,87%,13%,56%,44%,44%,56%,49%,51%
Wyoming,71%,29%,85%,16%,63%,37%,56%,44%,56%,44%
Puerto Rico,68%,32%,83%,17%,59%,41%,55%,45%,61%,39%
"Aberdeen, SD Micro Area",67%,33%,89%,11%,60%,40%,48%,52%,45%,56%
"Aberdeen, WA Micro Area",69%,31%,84%,16%,56%,44%,49%,51%,56%,44%
"Abilene, TX Metro Area",62%,38%,77%,23%,48%,53%,46%,54%,49%,52%
"Ada, OK Micro Area",65%,35%,85%,15%,37%,63%,47%,53%,49%,51%
"Adrian, MI Micro Area",78%,22%,90%,10%,72%,28%,58%,42%,66%,34%
"Aguadilla-Isabela, PR Metro Area",65%,35%,80%,20%,55%,45%,51%,49%,55%,45%
"Akron, OH Metro Area",67%,33%,86%,14%,60%,40%,47%,53%,53%,47%
"Alamogordo, NM Micro Area",66%,34%,76%,24%,71%,30%,49%,52%,58%,42%
"Albany, GA Metro Area",56%,44%,77%,23%,41%,59%,33%,68%,48%,52%
"Albany-Lebanon, OR Metro Area",66%,34%,78%,22%,54%,46%,51%,49%,55%,45%
"Albany-Schenectady-Troy, NY Metro Area",64%,37%,85%,15%,56%,44%,47%,53%,45%,55%
"Albemarle, NC Micro Area",75%,25%,87%,13%,59%,41%,51%,50%,65%,35%
"Albert Lea, MN Micro Area",77%,23%,91%,9%,73%,27%,51%,50%,66%,34%
"Albertville, AL Micro Area",73%,27%,83%,17%,65%,35%,50%,50%,65%,35%
"Albuquerque, NM Metro Area",67%,33%,84%,17%,62%,38%,54%,46%,55%,45%
"Alexander City, AL Micro Area",76%,24%,89%,11%,56%,44%,57%,43%,69%,31%
"Alexandria, LA Metro Area",66%,34%,83%,17%,60%,40%,43%,57%,55%,45%
"Alexandria, MN Micro Area",74%,26%,91%,9%,64%,36%,61%,39%,51%,49%
"Alice, TX Micro Area",71%,29%,79%,21%,61%,39%,57%,43%,66%,34%
"Allentown-Bethlehem-Easton, PA-NJ Metro Area",69%,31%,85%,15%,61%,39%,46%,55%,54%,46%
"Alma, MI Micro Area",76%,24%,88%,12%,70%,30%,60%,40%,64%,36%
"Alpena, MI Micro Area",78%,22%,92%,8%,84%,16%,63%,37%,66%,34%
"Altoona, PA Metro Area",70%,30%,88%,13%,61%,39%,55%,45%,55%,45%
"Altus, OK Micro Area",61%,39%,74%,26%,58%,42%,36%,64%,52%,48%
"Amarillo, TX Metro Area",63%,37%,79%,21%,48%,52%,45%,55%,49%,51%
"Americus, GA Micro Area",60%,40%,83%,17%,54%,46%,34%,66%,48%,52%
"Ames, IA Metro Area",60%,40%,86%,14%,54%,46%,56%,44%,36%,65%
"Amsterdam, NY Micro Area",68%,33%,85%,15%,62%,38%,45%,55%,56%,44%
"Anchorage, AK Metro Area",66%,34%,79%,21%,55%,45%,50%,50%,52%,48%
"Andrews, TX Micro Area",75%,25%,77%,23%,25%,75%,84%,16%,71%,29%
"Angola, IN Micro Area",79%,21%,87%,13%,66%,35%,66%,34%,70%,30%
"Ann Arbor, MI Metro Area",62%,39%,85%,15%,52%,48%,50%,50%,40%,60%
"Anniston-Oxford, AL Metro Area",70%,30%,85%,15%,62%,39%,49%,51%,61%,39%
"Appleton, WI Metro Area",73%,27%,89%,11%,63%,37%,52%,48%,52%,48%
"Arcadia, FL Micro Area",69%,31%,76%,24%,62%,38%,62%,38%,63%,37%
"Ardmore, OK Micro Area",68%,32%,82%,18%,53%,47%,54%,46%,58%,42%
"Arecibo, PR Metro Area",70%,30%,83%,17%,64%,36%,56%,44%,61%,39%
"Arkadelphia, AR Micro Area",59%,41%,82%,18%,39%,61%,45%,55%,39%,61%
"Asheville, NC Metro Area",68%,32%,83%,17%,64%,36%,52%,48%,54%,46%
"Ashland, OH Micro Area",75%,25%,88%,12%,73%,27%,55%,45%,61%,39%
"Ashtabula, OH Micro Area",72%,29%,87%,13%,65%,35%,50%,50%,61%,39%
"Astoria, OR Micro Area",61%,39%,76%,24%,65%,35%,59%,41%,44%,56%
"Atchison, KS Micro Area",71%,29%,85%,15%,86%,14%,49%,51%,59%,41%
"Athens, OH Micro Area",59%,41%,84%,16%,62%,38%,53%,47%,39%,61%
"Athens, TN Micro Area",74%,26%,86%,14%,81%,19%,59%,41%,62%,38%
"Athens, TX Micro Area",76%,24%,84%,16%,74%,26%,65%,36%,68%,32%
"Athens-Clarke County, GA Metro Area",55%,45%,78%,22%,57%,43%,43%,57%,35%,65%
"Atlanta-Sandy Springs-Alpharetta, GA Metro Area",64%,36%,81%,19%,54%,46%,47%,53%,49%,51%
"Atlantic City-Hammonton, NJ Metro Area",67%,33%,82%,18%,58%,42%,49%,51%,56%,44%
"Atmore, AL Micro Area",67%,34%,82%,18%,53%,47%,40%,60%,59%,41%
"Auburn, IN Micro Area",79%,21%,92%,8%,71%,29%,60%,40%,64%,36%
"Auburn, NY Micro Area",71%,29%,90%,10%,77%,23%,51%,49%,54%,46%
"Auburn-Opelika, AL Metro Area",63%,37%,85%,15%,59%,41%,51%,49%,41%,59%
"Augusta-Richmond County, GA-SC Metro Area",68%,33%,84%,16%,59%,41%,45%,55%,57%,44%
"Augusta-Waterville, ME Micro Area",71%,29%,90%,10%,60%,40%,56%,44%,54%,46%
"Austin, MN Micro Area",72%,28%,89%,12%,61%,39%,47%,53%,58%,42%
"Austin-Round Rock-Georgetown, TX Metro Area",59%,41%,78%,23%,50%,51%,47%,53%,39%,62%
"Bainbridge, GA Micro Area",61%,39%,78%,22%,54%,46%,42%,58%,51%,49%
"Bakersfield, CA Metro Area",59%,41%,70%,30%,52%,48%,39%,61%,51%,49%
"Baltimore-Columbia-Towson, MD Metro Area",67%,33%,84%,16%,63%,37%,51%,49%,51%,49%
"Bangor, ME Metro Area",70%,30%,87%,13%,77%,23%,53%,47%,54%,46%
"Baraboo, WI Micro Area",70%,30%,86%,14%,59%,41%,51%,50%,53%,47%
"Bardstown, KY Micro Area",78%,22%,88%,12%,79%,21%,64%,36%,66%,34%
"Barnstable Town, MA Metro Area",80%,20%,90%,10%,69%,31%,66%,34%,70%,30%
"Barre, VT Micro Area",70%,30%,88%,13%,52%,48%,60%,40%,56%,44%
"Bartlesville, OK Micro Area",71%,29%,83%,17%,55%,45%,50%,50%,63%,37%
"Batavia, NY Micro Area",72%,28%,90%,10%,63%,38%,54%,46%,56%,44%
"Batesville, AR Micro Area",75%,25%,85%,15%,65%,35%,51%,49%,66%,34%
"Baton Rouge, LA Metro Area",70%,30%,88%,12%,58%,42%,55%,45%,54%,46%
"Battle Creek, MI Metro Area",70%,31%,87%,13%,73%,28%,54%,46%,55%,45%
"Bay City, MI Metro Area",76%,24%,91%,9%,75%,25%,56%,44%,65%,35%
"Bay City, TX Micro Area",71%,30%,84%,16%,72%,29%,45%,55%,59%,41%
"Beatrice, NE Micro Area",68%,32%,86%,14%,92%,8%,40%,60%,48%,52%
"Beaumont-Port Arthur, TX Metro Area",67%,33%,84%,17%,59%,41%,48%,52%,54%,47%
"Beaver Dam, WI Micro Area",69%,31%,86%,14%,56%,44%,50%,50%,53%,47%
"Beckley, WV Metro Area",76%,24%,89%,11%,73%,27%,53%,48%,65%,35%
"Bedford, IN Micro Area",80%,20%,90%,10%,64%,36%,67%,33%,69%,31%
"Beeville, TX Micro Area",65%,35%,82%,18%,52%,48%,40%,60%,54%,46%
"Bellefontaine, OH Micro Area",76%,24%,88%,12%,62%,38%,53%,47%,64%,36%
"Bellingham, WA Metro Area",62%,38%,82%,18%,54%,46%,44%,56%,42%,58%
"Bemidji, MN Micro Area",68%,32%,89%,11%,67%,33%,53%,47%,51%,49%
"Bend, OR Metro Area",68%,32%,82%,18%,55%,45%,51%,49%,52%,49%
"Bennettsville, SC Micro Area",64%,36%,80%,20%,66%,34%,58%,43%,54%,47%
"Bennington, VT Micro Area",73%,27%,90%,10%,65%,35%,64%,36%,56%,44%
"Berlin, NH Micro Area",72%,28%,90%,10%,63%,37%,57%,43%,56%,44%
"Big Rapids, MI Micro Area",75%,26%,89%,11%,70%,30%,65%,35%,61%,40%
"Big Spring, TX Micro Area",66%,34%,83%,18%,49%,51%,51%,49%,54%,46%
"Big Stone Gap, VA Micro Area",67%,33%,84%,16%,63%,37%,39%,61%,55%,45%
"Billings, MT Metro Area",70%,30%,85%,15%,55%,45%,53%,47%,55%,45%
"Binghamton, NY Metro Area",68%,32%,88%,12%,62%,38%,52%,48%,50%,50%
"Birmingham-Hoover, AL Metro Area",69%,31%,86%,14%,64%,36%,51%,49%,55%,46%
"Bismarck, ND Metro Area",70%,30%,90%,11%,65%,35%,43%,57%,50%,50%
"Blackfoot, ID Micro Area",78%,22%,87%,13%,62%,38%,56%,44%,71%,29%
"Blacksburg-Christiansburg, VA Metro Area",60%,40%,80%,20%,69%,31%,51%,49%,41%,59%
"Bloomington, IL Metro Area",65%,35%,86%,14%,56%,45%,52%,48%,44%,56%
"Bloomington, IN Metro Area",58%,42%,84%,17%,41%,59%,54%,46%,38%,62%
"Bloomsburg-Berwick, PA Metro Area",68%,32%,88%,12%,63%,37%,55%,46%,50%,50%
"Bluefield, WV-VA Micro Area",72%,28%,82%,18%,63%,38%,55%,45%,66%,34%
"Bluffton, IN Micro Area",77%,23%,89%,11%,90%,10%,55%,45%,61%,39%
"Blytheville, AR Micro Area",58%,42%,82%,18%,50%,50%,27%,73%,48%,53%
"Bogalusa, LA Micro Area",71%,29%,89%,11%,66%,34%,44%,56%,62%,38%
"Boise City, ID Metro Area",71%,29%,84%,16%,63%,38%,55%,45%,56%,44%
"Bonham, TX Micro Area",74%,26%,85%,15%,57%,44%,54%,47%,65%,35%
"Boone, NC Micro Area",61%,39%,86%,14%,63%,38%,50%,51%,39%,61%
"Borger, TX Micro Area",80%,20%,90%,11%,82%,18%,71%,29%,66%,34%
"Boston-Cambridge-Newton, MA-NH Metro Area",62%,38%,81%,19%,55%,46%,46%,54%,42%,58%
"Boulder, CO Metro Area",64%,36%,82%,18%,57%,43%,56%,44%,45%,55%
"Bowling Green, KY Metro Area",63%,37%,81%,19%,48%,52%,42%,58%,49%,52%
"Bozeman, MT Micro Area",61%,39%,81%,19%,50%,50%,49%,51%,41%,60%
"Bradford, PA Micro Area",74%,26%,88%,12%,63%,37%,63%,37%,61%,39%
"Brainerd, MN Micro Area",78%,22%,92%,8%,72%,29%,52%,48%,64%,36%
"Branson, MO Micro Area",66%,35%,78%,22%,56%,44%,47%,53%,52%,48%
"Breckenridge, CO Micro Area",69%,31%,78%,22%,52%,48%,38%,62%,62%,38%
"Bremerton-Silverdale-Port Orchard, WA Metro Area",68%,32%,80%,20%,61%,39%,53%,47%,54%,46%
"Brenham, TX Micro Area",74%,26%,83%,18%,74%,26%,69%,31%,62%,38%
"Brevard, NC Micro Area",76%,24%,87%,13%,66%,34%,52%,48%,67%,33%
"Bridgeport-Stamford-Norwalk, CT Metro Area",67%,33%,81%,19%,54%,46%,48%,52%,50%,50%
"Brookhaven, MS Micro Area",76%,24%,87%,13%,66%,35%,55%,45%,70%,30%
"Brookings, OR Micro Area",73%,27%,81%,19%,61%,39%,48%,52%,70%,30%
"Brookings, SD Micro Area",59%,41%,82%,18%,47%,53%,49%,52%,40%,60%
"Brownsville, TN Micro Area",59%,41%,77%,23%,68%,32%,44%,56%,45%,55%
"Brownsville-Harlingen, TX Metro Area",66%,34%,77%,24%,59%,41%,51%,49%,59%,41%
"Brownwood, TX Micro Area",72%,29%,83%,17%,77%,23%,62%,38%,55%,45%
"Brunswick, GA Metro Area",69%,31%,83%,17%,57%,43%,50%,50%,60%,40%
"Bucyrus-Galion, OH Micro Area",70%,30%,84%,16%,56%,44%,51%,49%,59%,41%
"Buffalo-Cheektowaga, NY Metro Area",66%,34%,87%,13%,60%,40%,49%,51%,51%,49%
"Burley, ID Micro Area",70%,30%,80%,20%,56%,44%,48%,52%,59%,41%
"Burlington, IA-IL Micro Area",72%,28%,90%,10%,52%,48%,43%,57%,62%,38%
"Burlington, NC Metro Area",67%,34%,84%,16%,47%,53%,48%,52%,54%,46%
"Burlington-South Burlington, VT Metro Area",67%,33%,87%,13%,59%,41%,53%,47%,47%,53%
"Butte-Silver Bow, MT Micro Area",70%,30%,85%,15%,76%,24%,51%,49%,58%,42%
"Cadillac, MI Micro Area",79%,21%,90%,10%,67%,34%,63%,37%,68%,32%
"Calhoun, GA Micro Area",67%,33%,75%,26%,39%,61%,61%,39%,59%,41%
"California-Lexington Park, MD Metro Area",70%,30%,84%,16%,61%,39%,50%,51%,56%,44%
"Cambridge, MD Micro Area",68%,33%,85%,15%,52%,48%,43%,57%,59%,41%
"Cambridge, OH Micro Area",71%,29%,84%,16%,69%,31%,54%,46%,61%,39%
"Camden, AR Micro Area",73%,27%,90%,10%,64%,37%,48%,52%,65%,35%
"Campbellsville, KY Micro Area",66%,34%,80%,20%,55%,45%,46%,54%,54%,46%
"Cañon City, CO Micro Area",76%,24%,88%,12%,66%,34%,56%,44%,63%,37%
"Canton-Massillon, OH Metro Area",69%,31%,88%,12%,59%,41%,44%,56%,54%,46%
"Cape Coral-Fort Myers, FL Metro Area",73%,27%,82%,18%,57%,43%,50%,50%,66%,34%
"Cape Girardeau, MO-IL Metro Area",69%,32%,86%,14%,77%,23%,46%,54%,51%,49%
"Carbondale-Marion, IL Metro Area",63%,37%,87%,13%,55%,45%,51%,49%,43%,57%
"Carlsbad-Artesia, NM Micro Area",70%,30%,84%,16%,46%,54%,52%,49%,62%,38%
"Carroll, IA Micro Area",76%,24%,94%,7%,80%,20%,54%,46%,57%,43%
"Carson City, NV Metro Area",58%,42%,75%,25%,46%,54%,31%,70%,50%,50%
"Casper, WY Metro Area",71%,29%,86%,14%,60%,40%,53%,47%,57%,43%
"Cedar City, UT Micro Area",65%,35%,77%,23%,31%,70%,42%,59%,52%,48%
"Cedar Rapids, IA Metro Area",75%,25%,91%,9%,67%,33%,58%,42%,59%,41%
"Cedartown, GA Micro Area",65%,35%,77%,23%,59%,41%,39%,61%,59%,41%
"Celina, OH Micro Area",79%,21%,92%,9%,63%,37%,50%,50%,66%,35%
"Central City, KY Micro Area",81%,19%,89%,11%,85%,15%,54%,46%,74%,26%
"Centralia, IL Micro Area",75%,25%,89%,11%,55%,45%,51%,49%,67%,33%
"Centralia, WA Micro Area",70%,30%,85%,15%,59%,41%,49%,51%,58%,43%
"Chambersburg-Waynesboro, PA Metro Area",71%,29%,84%,16%,54%,47%,51%,49%,56%,44%
"Champaign-Urbana, IL Metro Area",55%,45%,84%,16%,54%,46%,36%,64%,35%,65%
"Charleston, WV Metro Area",73%,28%,87%,13%,65%,35%,54%,46%,62%,38%
"Charleston-Mattoon, IL Micro Area",64%,36%,84%,16%,59%,41%,43%,57%,47%,53%
"Charleston-North Charleston, SC Metro Area",67%,33%,83%,18%,60%,40%,51%,49%,53%,47%
"Charlotte-Concord-Gastonia, NC-SC Metro Area",66%,34%,82%,18%,53%,47%,47%,53%,51%,49%
"Charlottesville, VA Metro Area",64%,36%,81%,19%,53%,47%,47%,53%,47%,53%
"Chattanooga, TN-GA Metro Area",67%,33%,83%,17%,59%,41%,51%,50%,53%,47%
"Cheyenne, WY Metro Area",73%,27%,84%,16%,69%,31%,60%,40%,60%,41%
"Chicago-Naperville-Elgin, IL-IN-WI Metro Area",65%,35%,82%,18%,57%,43%,48%,52%,49%,51%
"Chico, CA Metro Area",60%,41%,78%,22%,46%,54%,41%,60%,47%,53%
"Chillicothe, OH Micro Area",71%,29%,86%,14%,68%,32%,53%,47%,57%,43%
"Cincinnati, OH-KY-IN Metro Area",67%,33%,87%,14%,60%,40%,45%,55%,49%,51%
"Clarksburg, WV Micro Area",76%,24%,88%,12%,72%,28%,63%,37%,64%,36%
"Clarksdale, MS Micro Area",55%,45%,75%,25%,53%,47%,40%,60%,52%,48%
"Clarksville, TN-KY Metro Area",59%,41%,71%,29%,53%,47%,40%,60%,49%,51%
"Clearlake, CA Micro Area",68%,32%,79%,22%,55%,45%,48%,52%,64%,36%
"Cleveland, MS Micro Area",56%,44%,78%,22%,57%,43%,31%,69%,50%,50%
"Cleveland, TN Metro Area",68%,32%,82%,18%,57%,43%,47%,53%,54%,46%
"Cleveland-Elyria, OH Metro Area",65%,35%,86%,14%,59%,42%,46%,54%,50%,50%
"Clewiston, FL Micro Area",70%,30%,79%,21%,56%,44%,59%,41%,69%,31%
"Clinton, IA Micro Area",74%,26%,91%,9%,84%,16%,53%,47%,59%,42%
"Clovis, NM Micro Area",56%,44%,73%,27%,56%,44%,30%,70%,47%,54%
"Coamo, PR Micro Area",77%,23%,89%,11%,67%,33%,76%,25%,66%,34%
"Coco, PR Micro Area",79%,21%,93%,7%,60%,40%,71%,29%,76%,24%
"Coeur d'Alene, ID Metro Area",71%,29%,84%,16%,54%,46%,49%,51%,57%,43%
"Coffeyville, KS Micro Area",70%,31%,87%,13%,71%,30%,51%,49%,54%,46%
"Coldwater, MI Micro Area",76%,24%,88%,12%,64%,36%,55%,45%,67%,34%
"College Station-Bryan, TX Metro Area",51%,49%,76%,24%,45%,55%,41%,59%,30%,70%
"Colorado Springs, CO Metro Area",66%,34%,79%,21%,53%,47%,51%,49%,50%,50%
"Columbia, MO Metro Area",58%,42%,82%,18%,42%,58%,48%,52%,36%,64%
"Columbia, SC Metro Area",68%,32%,86%,14%,59%,41%,51%,49%,55%,45%
"Columbus, GA-AL Metro Area",57%,43%,73%,27%,52%,48%,39%,61%,47%,54%
"Columbus, IN Metro Area",71%,29%,85%,15%,63%,37%,54%,46%,56%,44%
"Columbus, MS Micro Area",62%,38%,82%,18%,44%,56%,36%,64%,51%,49%
"Columbus, NE Micro Area",72%,28%,86%,14%,76%,24%,56%,44%,54%,46%
"Columbus, OH Metro Area",62%,38%,81%,19%,53%,47%,42%,58%,45%,55%
"Concord, NH Micro Area",73%,28%,87%,13%,72%,28%,57%,43%,52%,48%
"Connersville, IN Micro Area",69%,31%,83%,17%,52%,48%,50%,50%,59%,41%
"Cookeville, TN Micro Area",67%,33%,83%,17%,63%,37%,52%,48%,52%,48%
"Coos Bay, OR Micro Area",68%,32%,83%,17%,62%,38%,42%,58%,59%,41%
"Cordele, GA Micro Area",57%,43%,78%,23%,67%,33%,38%,62%,44%,57%
"Corinth, MS Micro Area",67%,33%,85%,15%,62%,38%,46%,54%,54%,46%
"Cornelia, GA Micro Area",80%,20%,86%,14%,78%,22%,67%,33%,72%,28%
"Corning, NY Micro Area",73%,27%,88%,12%,64%,37%,55%,45%,59%,41%
"Corpus Christi, TX Metro Area",60%,40%,76%,24%,51%,49%,45%,55%,47%,53%
"Corsicana, TX Micro Area",70%,30%,84%,17%,58%,42%,53%,48%,53%,47%
"Cortland, NY Micro Area",66%,34%,86%,14%,58%,43%,51%,49%,46%,54%
"Corvallis, OR Metro Area",57%,43%,80%,20%,49%,52%,52%,48%,33%,67%
"Coshocton, OH Micro Area",74%,26%,87%,13%,55%,45%,47%,53%,65%,36%
"Craig, CO Micro Area",64%,36%,85%,15%,95%,6%,55%,45%,36%,64%
"Crawfordsville, IN Micro Area",75%,26%,89%,11%,65%,35%,45%,55%,62%,38%
"Crescent City, CA Micro Area",68%,32%,84%,16%,60%,40%,49%,51%,57%,43%
"Crestview-Fort Walton Beach-Destin, FL Metro Area",69%,31%,81%,19%,62%,38%,46%,54%,57%,43%
"Crossville, TN Micro Area",79%,21%,89%,11%,61%,39%,54%,46%,71%,29%
"Cullman, AL Micro Area",75%,25%,86%,14%,64%,36%,58%,42%,63%,38%
"Cullowhee, NC Micro Area",67%,34%,83%,17%,64%,36%,54%,46%,51%,49%
"Cumberland, MD-WV Metro Area",72%,28%,90%,10%,63%,38%,49%,51%,57%,43%
"Dallas-Fort Worth-Arlington, TX Metro Area",60%,40%,77%,23%,50%,50%,43%,57%,40%,60%
"Dalton, GA Metro Area",67%,33%,77%,23%,55%,45%,53%,47%,58%,42%
"Danville, IL Metro Area",71%,29%,88%,12%,57%,43%,53%,47%,61%,39%
"Danville, KY Micro Area",73%,27%,85%,15%,67%,33%,49%,51%,64%,36%
"Danville, VA Micro Area",65%,35%,83%,18%,54%,46%,41%,59%,57%,43%
"Daphne-Fairhope-Foley, AL Metro Area",77%,23%,87%,13%,66%,34%,63%,37%,65%,36%
"Davenport-Moline-Rock Island, IA-IL Metro Area",71%,29%,88%,12%,66%,34%,46%,54%,56%,44%
"Dayton, TN Micro Area",74%,26%,85%,15%,85%,15%,59%,41%,62%,38%
"Dayton-Kettering, OH Metro Area",64%,36%,83%,17%,52%,48%,43%,57%,50%,50%
"Decatur, AL Metro Area",74%,27%,87%,13%,71%,29%,47%,53%,62%,38%
"Decatur, IL Metro Area",69%,31%,88%,12%,71%,29%,41%,59%,56%,44%
"Decatur, IN Micro Area",78%,22%,92%,8%,68%,32%,56%,44%,61%,39%
"Defiance, OH Micro Area",78%,23%,93%,7%,72%,28%,51%,49%,60%,40%
"Del Rio, TX Micro Area",65%,35%,77%,23%,37%,63%,56%,44%,51%,49%
"Deltona-Daytona Beach-Ormond Beach, FL Metro Area",72%,28%,83%,17%,57%,44%,56%,44%,65%,35%
"Deming, NM Micro Area",62%,38%,78%,22%,48%,52%,40%,60%,55%,45%
"Denver-Aurora-Lakewood, CO Metro Area",65%,35%,81%,19%,57%,44%,52%,49%,48%,52%
"DeRidder, LA Micro Area",79%,21%,91%,10%,66%,35%,62%,38%,71%,29%
"Des Moines-West Des Moines, IA Metro Area",70%,30%,87%,13%,68%,32%,53%,47%,52%,48%
"Detroit-Warren-Dearborn, MI Metro Area",70%,31%,86%,14%,65%,35%,53%,47%,56%,44%
"Dickinson, ND Micro Area",64%,36%,83%,17%,60%,40%,50%,50%,43%,58%
"Dixon, IL Micro Area",70%,30%,88%,12%,63%,37%,60%,40%,52%,48%
"Dodge City, KS Micro Area",63%,37%,78%,22%,54%,46%,45%,55%,46%,54%
"Dothan, AL Metro Area",70%,30%,85%,15%,54%,46%,42%,58%,60%,40%
"Douglas, GA Micro Area",66%,34%,78%,22%,64%,36%,44%,56%,58%,42%
"Dover, DE Metro Area",69%,31%,83%,17%,59%,41%,53%,48%,58%,42%
"Dublin, GA Micro Area",64%,36%,81%,19%,53%,47%,40%,60%,57%,43%
"DuBois, PA Micro Area",77%,23%,90%,11%,69%,31%,58%,42%,67%,33%
"Dubuque, IA Metro Area",73%,27%,92%,9%,65%,35%,53%,47%,53%,48%
"Duluth, MN-WI Metro Area",72%,28%,92%,8%,73%,27%,56%,44%,55%,45%
"Dumas, TX Micro Area",66%,34%,75%,25%,38%,62%,66%,34%,50%,51%
"Duncan, OK Micro Area",74%,26%,86%,14%,62%,38%,59%,41%,63%,37%
"Durango, CO Micro Area",71%,29%,84%,16%,41%,59%,48%,52%,60%,40%
"Durant, OK Micro Area",63%,37%,77%,23%,45%,55%,49%,51%,50%,50%
"Durham-Chapel Hill, NC Metro Area",63%,37%,83%,17%,46%,54%,46%,54%,47%,54%
"Dyersburg, TN Micro Area",62%,38%,80%,21%,54%,46%,37%,63%,53%,47%
"Eagle Pass, TX Micro Area",66%,34%,77%,23%,71%,29%,48%,52%,51%,49%
"Easton, MD Micro Area",71%,29%,87%,13%,62%,38%,51%,49%,57%,43%
"East Stroudsburg, PA Metro Area",77%,23%,88%,12%,68%,32%,61%,39%,65%,35%
"Eau Claire, WI Metro Area",68%,32%,88%,12%,54%,46%,44%,56%,48%,52%
"Edwards, CO Micro Area",70%,30%,80%,20%,72%,28%,43%,57%,59%,42%
"Effingham, IL Micro Area",77%,23%,90%,11%,63%,37%,56%,44%,64%,36%
"El Campo, TX Micro Area",66%,34%,83%,17%,61%,40%,45%,55%,51%,49%
"El Centro, CA Metro Area",58%,42%,69%,31%,52%,48%,41%,59%,53%,48%
"El Dorado, AR Micro Area",74%,26%,86%,15%,72%,28%,52%,48%,71%,29%
"Elizabeth City, NC Micro Area",66%,34%,80%,20%,55%,45%,39%,61%,57%,43%
"Elizabethtown-Fort Knox, KY Metro Area",65%,35%,79%,21%,52%,48%,48%,52%,50%,50%
"Elk City, OK Micro Area",67%,33%,80%,20%,72%,28%,58%,42%,53%,48%
"Elkhart-Goshen, IN Metro Area",70%,30%,85%,15%,51%,49%,53%,47%,55%,45%
"Elkins, WV Micro Area",71%,29%,86%,14%,77%,23%,55%,45%,57%,43%
"Elko, NV Micro Area",69%,31%,83%,17%,55%,45%,50%,50%,53%,47%
"Ellensburg, WA Micro Area",60%,40%,85%,15%,62%,38%,55%,45%,35%,65%
"Elmira, NY Metro Area",67%,33%,86%,14%,61%,39%,40%,60%,55%,45%
"El Paso, TX Metro Area",62%,38%,74%,26%,63%,37%,53%,47%,49%,51%
"Emporia, KS Micro Area",59%,41%,87%,13%,37%,64%,51%,49%,33%,67%
"Enid, OK Metro Area",65%,35%,78%,22%,56%,45%,41%,59%,57%,43%
"Enterprise, AL Micro Area",68%,32%,80%,20%,55%,45%,44%,56%,61%,39%
"Erie, PA Metro Area",67%,33%,87%,13%,60%,40%,48%,52%,51%,50%
"Escanaba, MI Micro Area",78%,22%,93%,7%,64%,36%,61%,39%,62%,38%
"Española, NM Micro Area",77%,23%,89%,11%,79%,22%,73%,27%,65%,35%
"Eufaula, AL-GA Micro Area",64%,37%,79%,21%,78%,22%,40%,60%,57%,43%
"Eugene-Springfield, OR Metro Area",59%,41%,79%,22%,52%,48%,44%,56%,44%,57%
"Eureka-Arcata, CA Micro Area",57%,43%,79%,22%,51%,49%,44%,56%,43%,57%
"Evanston, WY Micro Area",77%,23%,90%,10%,59%,41%,63%,37%,57%,43%
"Evansville, IN-KY Metro Area",69%,31%,85%,15%,55%,45%,51%,49%,55%,45%
"Fairbanks, AK Metro Area",59%,41%,68%,32%,62%,38%,42%,58%,48%,52%
"Fairfield, IA Micro Area",70%,30%,83%,17%,55%,45%,70%,30%,57%,43%
"Fairmont, MN Micro Area",74%,27%,90%,10%,61%,39%,55%,45%,58%,42%
"Fairmont, WV Micro Area",74%,26%,90%,10%,60%,40%,60%,40%,59%,41%
"Fallon, NV Micro Area",69%,31%,84%,16%,61%,40%,46%,54%,55%,45%
"Fargo, ND-MN Metro Area",56%,44%,80%,20%,49%,52%,44%,56%,32%,68%
"Faribault-Northfield, MN Micro Area",74%,26%,90%,10%,73%,27%,53%,47%,54%,46%
"Farmington, MO Micro Area",68%,32%,82%,18%,58%,42%,47%,53%,56%,44%
"Farmington, NM Metro Area",71%,29%,82%,18%,67%,33%,55%,45%,62%,38%
"Fayetteville, NC Metro Area",57%,43%,71%,29%,44%,56%,40%,60%,47%,53%
"Fayetteville-Springdale-Rogers, AR Metro Area",61%,39%,77%,24%,44%,56%,41%,59%,43%,57%
"Fergus Falls, MN Micro Area",80%,20%,94%,6%,78%,22%,45%,55%,63%,37%
"Fernley, NV Micro Area",73%,27%,80%,20%,58%,42%,53%,47%,70%,30%
"Findlay, OH Micro Area",68%,32%,88%,12%,64%,36%,53%,47%,50%,50%
"Fitzgerald, GA Micro Area",58%,42%,79%,21%,41%,59%,41%,59%,48%,52%
"Flagstaff, AZ Metro Area",61%,39%,80%,20%,55%,45%,57%,44%,43%,57%
"Flint, MI Metro Area",70%,30%,89%,12%,66%,34%,52%,48%,57%,43%
"Florence, SC Metro Area",67%,33%,84%,16%,62%,38%,47%,53%,58%,42%
"Florence-Muscle Shoals, AL Metro Area",69%,31%,85%,15%,63%,37%,52%,48%,54%,46%
"Fond du Lac, WI Metro Area",71%,29%,88%,12%,53%,47%,44%,56%,50%,50%
"Forest City, NC Micro Area",72%,28%,85%,15%,63%,37%,48%,52%,64%,36%
"Forrest City, AR Micro Area",55%,45%,64%,36%,63%,38%,40%,60%,53%,47%
"Fort Collins, CO Metro Area",66%,34%,85%,16%,50%,50%,52%,48%,46%,54%
"Fort Dodge, IA Micro Area",68%,32%,89%,11%,65%,35%,46%,54%,54%,46%
"Fort Leonard Wood, MO Micro Area",52%,48%,60%,40%,43%,57%,42%,59%,44%,56%
"Fort Madison-Keokuk, IA-IL-MO Micro Area",77%,23%,89%,11%,76%,24%,56%,44%,62%,38%
"Fort Morgan, CO Micro Area",63%,37%,72%,28%,60%,40%,49%,51%,53%,48%
"Fort Payne, AL Micro Area",73%,27%,84%,16%,63%,38%,55%,45%,59%,41%
"Fort Polk South, LA Micro Area",53%,47%,59%,41%,59%,41%,44%,56%,44%,56%
"Fort Smith, AR-OK Metro Area",66%,34%,81%,19%,56%,44%,47%,53%,54%,47%
"Fort Wayne, IN Metro Area",70%,30%,87%,13%,65%,35%,54%,47%,54%,46%
"Frankfort, IN Micro Area",70%,30%,86%,14%,59%,41%,52%,48%,54%,46%
"Frankfort, KY Micro Area",66%,34%,85%,15%,59%,41%,42%,58%,53%,47%
"Fredericksburg, TX Micro Area",71%,29%,85%,15%,50%,50%,44%,56%,57%,44%
"Freeport, IL Micro Area",70%,30%,89%,11%,55%,45%,48%,52%,54%,46%
"Fremont, NE Micro Area",62%,38%,78%,22%,41%,59%,47%,54%,46%,54%
"Fremont, OH Micro Area",72%,29%,87%,13%,54%,46%,54%,46%,59%,41%
"Fresno, CA Metro Area",54%,46%,68%,32%,44%,56%,36%,64%,43%,57%
"Gadsden, AL Metro Area",73%,27%,87%,13%,67%,33%,48%,52%,66%,34%
"Gaffney, SC Micro Area",71%,29%,82%,18%,64%,36%,61%,39%,63%,37%
"Gainesville, FL Metro Area",60%,41%,81%,19%,57%,43%,50%,50%,44%,56%
"Gainesville, GA Metro Area",69%,31%,80%,20%,60%,40%,48%,52%,56%,44%
"Gainesville, TX Micro Area",70%,30%,83%,17%,59%,41%,41%,59%,57%,43%
"Galesburg, IL Micro Area",67%,34%,86%,14%,54%,46%,47%,53%,54%,46%
"Gallup, NM Micro Area",68%,32%,75%,25%,68%,32%,67%,33%,60%,40%
"Garden City, KS Micro Area",65%,35%,78%,22%,49%,52%,52%,48%,52%,48%
"Gardnerville Ranchos, NV Micro Area",75%,26%,85%,16%,68%,33%,58%,42%,61%,39%
"Georgetown, SC Micro Area",80%,20%,87%,13%,73%,27%,63%,37%,76%,24%
"Gettysburg, PA Metro Area",78%,22%,86%,14%,80%,20%,60%,40%,66%,34%
"Gillette, WY Micro Area",76%,24%,86%,14%,75%,25%,46%,54%,64%,36%
"Glasgow, KY Micro Area",68%,32%,84%,16%,54%,46%,40%,60%,57%,43%
"Glens Falls, NY Metro Area",72%,28%,87%,13%,71%,29%,55%,45%,58%,42%
"Glenwood Springs, CO Micro Area",68%,33%,78%,22%,53%,47%,54%,46%,55%,45%
"Gloversville, NY Micro Area",70%,30%,85%,15%,54%,46%,47%,53%,63%,37%
"Goldsboro, NC Metro Area",63%,37%,79%,21%,50%,50%,42%,58%,54%,47%
"Granbury, TX Micro Area",80%,21%,88%,13%,70%,30%,67%,33%,65%,35%
"Grand Forks, ND-MN Metro Area",55%,45%,81%,19%,59%,41%,38%,63%,35%,66%
"Grand Island, NE Metro Area",65%,35%,84%,16%,45%,55%,38%,62%,48%,52%
"Grand Junction, CO Metro Area",69%,31%,84%,16%,50%,50%,55%,45%,56%,44%
"Grand Rapids, MN Micro Area",82%,18%,94%,6%,83%,17%,61%,39%,70%,30%
"Grand Rapids-Kentwood, MI Metro Area",73%,27%,89%,11%,65%,35%,56%,44%,54%,46%
"Grants, NM Micro Area",72%,28%,80%,20%,56%,44%,65%,35%,69%,31%
"Grants Pass, OR Metro Area",69%,31%,81%,19%,56%,44%,56%,44%,55%,45%
"Great Bend, KS Micro Area",67%,33%,82%,18%,57%,43%,39%,61%,55%,45%
"Great Falls, MT Metro Area",67%,33%,80%,20%,53%,47%,55%,45%,55%,45%
"Greeley, CO Metro Area",75%,26%,84%,16%,64%,36%,56%,45%,63%,38%
"Green Bay, WI Metro Area",68%,32%,87%,13%,59%,42%,41%,59%,49%,51%
"Greeneville, TN Micro Area",76%,24%,87%,13%,63%,37%,59%,41%,69%,31%
"Greensboro-High Point, NC Metro Area",63%,37%,82%,18%,52%,48%,41%,59%,50%,50%
"Greensburg, IN Micro Area",70%,30%,82%,18%,50%,50%,51%,49%,59%,41%
"Greenville, MS Micro Area",55%,45%,75%,25%,51%,49%,37%,64%,49%,51%
"Greenville, NC Metro Area",53%,47%,79%,21%,56%,44%,30%,70%,36%,64%
"Greenville, OH Micro Area",71%,29%,86%,14%,51%,49%,40%,60%,57%,43%
"Greenville-Anderson, SC Metro Area",70%,31%,85%,15%,58%,42%,51%,49%,55%,46%
"Greenwood, MS Micro Area",63%,37%,87%,13%,60%,41%,47%,54%,51%,49%
"Greenwood, SC Micro Area",62%,38%,85%,15%,50%,50%,38%,62%,50%,50%
"Grenada, MS Micro Area",68%,32%,92%,9%,24%,76%,38%,62%,65%,35%
"Guayama, PR Metro Area",72%,28%,83%,17%,60%,41%,64%,36%,70%,30%
"Gulfport-Biloxi, MS Metro Area",66%,34%,81%,19%,60%,40%,45%,55%,57%,43%
"Guymon, OK Micro Area",67%,33%,80%,21%,49%,51%,45%,55%,56%,44%
"Hagerstown-Martinsburg, MD-WV Metro Area",71%,29%,84%,16%,61%,39%,47%,53%,61%,39%
"Hailey, ID Micro Area",73%,27%,82%,18%,62%,38%,59%,41%,64%,36%
"Hammond, LA Metro Area",70%,30%,85%,15%,62%,38%,53%,48%,60%,40%
"Hanford-Corcoran, CA Metro Area",54%,46%,63%,37%,41%,59%,39%,62%,46%,54%
"Hannibal, MO Micro Area",70%,30%,84%,16%,66%,34%,43%,57%,56%,44%
"Harrisburg-Carlisle, PA Metro Area",68%,33%,85%,15%,56%,44%,47%,54%,51%,49%
"Harrison, AR Micro Area",74%,26%,86%,15%,58%,42%,53%,48%,62%,38%
"Harrisonburg, VA Metro Area",63%,37%,79%,21%,51%,50%,44%,57%,47%,53%
"Hartford-East Hartford-Middletown, CT Metro Area",66%,34%,85%,15%,57%,43%,48%,53%,49%,51%
"Hastings, NE Micro Area",68%,32%,87%,13%,72%,28%,50%,50%,48%,52%
"Hattiesburg, MS Metro Area",65%,35%,84%,16%,54%,46%,43%,57%,50%,50%
"Hays, KS Micro Area",63%,37%,91%,9%,48%,52%,35%,65%,37%,63%
"Heber, UT Micro Area",76%,24%,84%,16%,66%,34%,62%,38%,60%,40%
"Helena, MT Micro Area",73%,27%,89%,11%,55%,45%,63%,37%,56%,44%
"Helena-West Helena, AR Micro Area",46%,54%,70%,30%,51%,50%,21%,79%,39%,61%
"Henderson, NC Micro Area",58%,42%,75%,25%,51%,49%,42%,58%,50%,51%
"Hereford, TX Micro Area",66%,35%,74%,26%,43%,57%,64%,36%,54%,47%
"Hermiston-Pendleton, OR Micro Area",66%,34%,83%,17%,61%,39%,41%,59%,50%,50%
"Hickory-Lenoir-Morganton, NC Metro Area",73%,27%,84%,16%,61%,40%,55%,45%,66%,34%
"Hillsdale, MI Micro Area",77%,23%,90%,10%,72%,28%,60%,40%,64%,36%
"Hilo, HI Micro Area",69%,31%,80%,20%,50%,50%,53%,47%,64%,36%
"Hilton Head Island-Bluffton, SC Metro Area",75%,25%,84%,16%,73%,27%,57%,43%,65%,35%
"Hinesville, GA Metro Area",49%,51%,57%,43%,31%,69%,42%,58%,45%,55%
"Hobbs, NM Micro Area",68%,32%,81%,19%,52%,48%,48%,52%,59%,42%
"Holland, MI Micro Area",84%,16%,92%,8%,83%,17%,66%,34%,74%,26%
"Homosassa Springs, FL Metro Area",84%,17%,90%,10%,69%,31%,70%,31%,80%,21%
"Hood River, OR Micro Area",68%,32%,80%,20%,78%,22%,63%,37%,51%,49%
"Hope, AR Micro Area",69%,31%,85%,15%,51%,49%,52%,49%,55%,45%
"Hot Springs, AR Metro Area",67%,33%,84%,16%,57%,43%,47%,53%,55%,45%
"Houghton, MI Micro Area",68%,32%,90%,10%,89%,12%,58%,42%,46%,54%
"Houma-Thibodaux, LA Metro Area",74%,26%,89%,11%,68%,32%,55%,46%,61%,39%
"Houston-The Woodlands-Sugar Land, TX Metro Area",61%,39%,77%,23%,49%,51%,45%,55%,42%,58%
"Hudson, NY Micro Area",73%,27%,85%,15%,75%,25%,55%,45%,62%,38%
"Huntingdon, PA Micro Area",77%,23%,89%,11%,57%,43%,51%,49%,66%,34%
"Huntington, IN Micro Area",76%,25%,88%,13%,70%,30%,57%,43%,65%,35%
"Huntington-Ashland, WV-KY-OH Metro Area",72%,28%,87%,13%,66%,34%,54%,46%,58%,42%
"Huntsville, AL Metro Area",69%,31%,86%,14%,58%,42%,52%,48%,54%,46%
"Huntsville, TX Micro Area",52%,48%,75%,25%,54%,46%,37%,63%,33%,67%
"Huron, SD Micro Area",67%,33%,78%,22%,67%,33%,46%,55%,55%,45%
"Hutchinson, KS Micro Area",70%,30%,88%,12%,56%,44%,45%,55%,55%,45%
"Hutchinson, MN Micro Area",76%,24%,92%,8%,91%,9%,52%,48%,59%,41%
"Idaho Falls, ID Metro Area",72%,28%,85%,15%,56%,45%,51%,49%,55%,45%
"Indiana, PA Micro Area",70%,30%,88%,12%,64%,37%,69%,32%,49%,51%
"Indianapolis-Carmel-Anderson, IN Metro Area",66%,34%,85%,16%,59%,41%,46%,54%,48%,52%
"Indianola, MS Micro Area",53%,47%,80%,20%,58%,42%,37%,63%,44%,56%
"Iowa City, IA Metro Area",60%,40%,83%,17%,62%,38%,53%,47%,37%,63%
"Iron Mountain, MI-WI Micro Area",81%,19%,95%,5%,59%,41%,65%,35%,68%,33%
"Ithaca, NY Metro Area",54%,46%,81%,19%,56%,44%,50%,50%,31%,69%
"Jackson, MI Metro Area",74%,26%,89%,11%,75%,25%,59%,41%,60%,40%
"Jackson, MS Metro Area",68%,32%,86%,14%,63%,37%,49%,51%,56%,45%
"Jackson, OH Micro Area",73%,27%,87%,13%,58%,42%,44%,56%,63%,37%
"Jackson, TN Metro Area",65%,35%,84%,16%,62%,38%,36%,64%,53%,47%
"Jackson, WY-ID Micro Area",63%,37%,79%,21%,24%,76%,53%,48%,45%,55%
"Jacksonville, FL Metro Area",65%,35%,81%,19%,54%,46%,49%,52%,52%,48%
"Jacksonville, IL Micro Area",71%,29%,88%,12%,65%,35%,48%,53%,58%,42%
"Jacksonville, NC Metro Area",54%,46%,60%,40%,45%,55%,39%,61%,50%,50%
"Jacksonville, TX Micro Area",72%,28%,82%,18%,60%,40%,55%,45%,62%,38%
"Jamestown, ND Micro Area",63%,38%,84%,17%,54%,46%,40%,60%,47%,53%
"Jamestown-Dunkirk-Fredonia, NY Micro Area",69%,31%,87%,13%,57%,44%,51%,49%,55%,45%
"Janesville-Beloit, WI Metro Area",68%,32%,87%,13%,53%,47%,48%,52%,53%,47%
"Jasper, AL Micro Area",78%,22%,88%,12%,75%,25%,57%,43%,71%,29%
"Jasper, IN Micro Area",80%,20%,94%,6%,79%,21%,58%,42%,65%,35%
"Jayuya, PR Micro Area",58%,42%,80%,20%,44%,56%,26%,74%,57%,43%
"Jefferson, GA Micro Area",79%,21%,87%,13%,80%,20%,57%,43%,68%,32%
"Jefferson City, MO Metro Area",72%,28%,87%,13%,60%,40%,49%,51%,56%,44%
"Jennings, LA Micro Area",76%,25%,88%,12%,76%,24%,63%,38%,63%,37%
"Jesup, GA Micro Area",63%,37%,78%,22%,32%,68%,44%,56%,49%,51%
"Johnson City, TN Metro Area",67%,33%,84%,16%,53%,47%,52%,49%,52%,48%
"Johnstown, PA Metro Area",75%,25%,92%,8%,68%,32%,61%,39%,59%,41%
"Jonesboro, AR Metro Area",58%,42%,77%,23%,47%,53%,40%,60%,41%,59%
"Joplin, MO Metro Area",66%,34%,81%,19%,59%,41%,47%,53%,52%,48%
"Juneau, AK Micro Area",65%,35%,81%,19%,53%,47%,55%,45%,50%,50%
"Kahului-Wailuku-Lahaina, HI Metro Area",63%,38%,74%,26%,56%,44%,49%,51%,49%,51%
"Kalamazoo-Portage, MI Metro Area",65%,36%,88%,12%,53%,47%,47%,53%,44%,56%
"Kalispell, MT Micro Area",74%,26%,86%,14%,63%,37%,63%,37%,59%,42%
"Kankakee, IL Metro Area",67%,33%,85%,15%,59%,41%,46%,54%,50%,50%
"Kansas City, MO-KS Metro Area",65%,35%,84%,17%,58%,43%,47%,54%,47%,53%
"Kapaa, HI Micro Area",65%,35%,76%,24%,45%,55%,49%,51%,58%,42%
"Kearney, NE Micro Area",67%,33%,88%,12%,29%,71%,52%,48%,46%,54%
"Keene, NH Micro Area",68%,32%,88%,13%,58%,42%,55%,45%,48%,53%
"Kendallville, IN Micro Area",76%,24%,91%,9%,61%,39%,55%,45%,61%,39%
"Kennett, MO Micro Area",62%,38%,80%,20%,38%,62%,41%,59%,55%,45%
"Kennewick-Richland, WA Metro Area",69%,31%,83%,17%,50%,50%,55%,45%,53%,47%
"Kerrville, TX Micro Area",68%,32%,81%,19%,36%,65%,42%,59%,65%,35%
"Ketchikan, AK Micro Area",64%,36%,82%,18%,50%,51%,44%,56%,46%,54%
"Key West, FL Micro Area",59%,41%,70%,31%,52%,48%,46%,54%,50%,50%
"Kill Devil Hills, NC Micro Area",76%,24%,88%,12%,70%,30%,53%,47%,67%,33%
"Killeen-Temple, TX Metro Area",56%,44%,71%,29%,47%,53%,43%,58%,42%,58%
"Kingsport-Bristol, TN-VA Metro Area",74%,27%,86%,14%,61%,39%,56%,44%,63%,37%
"Kingston, NY Metro Area",69%,31%,86%,14%,66%,34%,54%,46%,54%,46%
"Kingsville, TX Micro Area",52%,48%,77%,23%,49%,51%,29%,71%,31%,69%
"Kinston, NC Micro Area",57%,43%,77%,23%,40%,60%,38%,62%,47%,54%
"Kirksville, MO Micro Area",63%,37%,83%,17%,74%,26%,48%,52%,44%,56%
"Klamath Falls, OR Micro Area",64%,36%,81%,20%,53%,47%,41%,60%,53%,47%
"Knoxville, TN Metro Area",69%,31%,84%,16%,59%,42%,52%,48%,55%,45%
"Kokomo, IN Metro Area",72%,28%,88%,12%,65%,35%,51%,49%,62%,39%
"Laconia, NH Micro Area",77%,23%,91%,10%,66%,34%,53%,47%,63%,37%
"La Crosse-Onalaska, WI-MN Metro Area",65%,35%,88%,12%,57%,43%,46%,54%,45%,55%
"Lafayette, LA Metro Area",69%,31%,86%,14%,63%,37%,48%,52%,55%,45%
"Lafayette-West Lafayette, IN Metro Area",59%,41%,81%,19%,61%,39%,41%,60%,40%,60%
"La Grande, OR Micro Area",67%,34%,82%,18%,42%,58%,46%,54%,54%,46%
"LaGrange, GA-AL Micro Area",63%,38%,81%,19%,54%,46%,43%,57%,50%,50%
"Lake Charles, LA Metro Area",69%,31%,87%,13%,71%,29%,46%,54%,55%,45%
"Lake City, FL Micro Area",73%,27%,85%,15%,71%,29%,58%,42%,62%,38%
"Lake Havasu City-Kingman, AZ Metro Area",70%,30%,82%,18%,61%,40%,49%,51%,63%,37%
"Lakeland-Winter Haven, FL Metro Area",70%,31%,80%,20%,60%,40%,50%,51%,63%,37%
"Lamesa, TX Micro Area",70%,30%,77%,23%,72%,28%,68%,32%,62%,38%
"Lancaster, PA Metro Area",69%,31%,84%,16%,60%,40%,49%,51%,50%,50%
"Lansing-East Lansing, MI Metro Area",67%,33%,86%,14%,65%,35%,51%,49%,50%,50%
"Laramie, WY Micro Area",52%,48%,81%,19%,38%,62%,51%,49%,30%,70%
"Laredo, TX Metro Area",63%,37%,75%,25%,51%,49%,47%,53%,52%,48%
"Las Cruces, NM Metro Area",65%,35%,80%,20%,58%,42%,54%,46%,51%,49%
"Las Vegas, NM Micro Area",73%,27%,91%,9%,82%,18%,63%,37%,62%,38%
"Las Vegas-Henderson-Paradise, NV Metro Area",55%,45%,70%,31%,48%,52%,40%,60%,44%,56%
"Laurel, MS Micro Area",76%,25%,88%,13%,69%,32%,54%,46%,70%,30%
"Laurinburg, NC Micro Area",60%,40%,80%,20%,53%,47%,43%,57%,50%,50%
"Lawrence, KS Metro Area",51%,49%,80%,20%,38%,62%,36%,64%,26%,74%
"Lawrenceburg, TN Micro Area",75%,25%,89%,11%,66%,34%,50%,50%,64%,36%
"Lawton, OK Metro Area",54%,46%,70%,30%,47%,53%,33%,68%,45%,55%
"Lebanon, MO Micro Area",68%,32%,79%,21%,56%,44%,53%,47%,55%,45%
"Lebanon, NH-VT Micro Area",74%,27%,89%,11%,68%,32%,55%,46%,59%,41%
"Lebanon, PA Metro Area",71%,30%,85%,15%,55%,46%,47%,53%,57%,43%
"Levelland, TX Micro Area",73%,27%,84%,16%,52%,48%,53%,47%,64%,36%
"Lewisburg, PA Micro Area",71%,29%,86%,14%,82%,18%,30%,70%,54%,46%
"Lewisburg, TN Micro Area",73%,27%,83%,17%,72%,28%,44%,56%,66%,34%
"Lewiston, ID-WA Metro Area",73%,27%,89%,11%,52%,48%,55%,45%,58%,42%
"Lewiston-Auburn, ME Metro Area",65%,35%,85%,15%,59%,41%,44%,56%,48%,52%
"Lewistown, PA Micro Area",73%,27%,87%,13%,70%,31%,53%,47%,56%,44%
"Lexington, NE Micro Area",66%,34%,78%,22%,69%,31%,55%,46%,46%,54%
"Lexington-Fayette, KY Metro Area",60%,40%,79%,21%,50%,50%,42%,58%,44%,56%
"Liberal, KS Micro Area",62%,38%,84%,16%,47%,53%,51%,49%,39%,61%
"Lima, OH Metro Area",67%,33%,86%,15%,50%,50%,38%,62%,58%,42%
"Lincoln, IL Micro Area",71%,29%,85%,15%,45%,55%,73%,27%,57%,44%
"Lincoln, NE Metro Area",60%,40%,83%,17%,44%,56%,41%,59%,38%,62%
"Little Rock-North Little Rock-Conway, AR Metro Area",64%,36%,83%,17%,55%,45%,45%,55%,49%,51%
"Lock Haven, PA Micro Area",70%,30%,85%,15%,61%,39%,59%,41%,53%,47%
"Logan, UT-ID Metro Area",65%,35%,76%,24%,54%,46%,45%,56%,42%,58%
"Logansport, IN Micro Area",73%,27%,87%,13%,64%,36%,60%,40%,62%,38%
"London, KY Micro Area",69%,31%,82%,18%,58%,42%,47%,53%,59%,41%
"Longview, TX Metro Area",69%,32%,84%,16%,60%,40%,49%,51%,53%,47%
"Longview, WA Metro Area",66%,34%,82%,18%,57%,43%,42%,58%,53%,47%
"Los Alamos, NM Micro Area",73%,27%,87%,13%,71%,29%,36%,64%,59%,41%
"Los Angeles-Long Beach-Anaheim, CA Metro Area",49%,51%,62%,38%,41%,59%,39%,62%,35%,65%
"Louisville/Jefferson County, KY-IN Metro Area",67%,33%,85%,15%,61%,39%,47%,54%,54%,46%
"Lubbock, TX Metro Area",56%,44%,77%,23%,46%,54%,43%,58%,39%,61%
"Ludington, MI Micro Area",76%,24%,90%,10%,72%,28%,56%,44%,61%,39%
"Lufkin, TX Micro Area",66%,34%,81%,19%,64%,36%,44%,56%,52%,48%
"Lumberton, NC Micro Area",66%,34%,81%,19%,63%,38%,53%,47%,57%,43%
"Lynchburg, VA Metro Area",71%,29%,85%,15%,61%,39%,47%,53%,59%,41%
"Macomb, IL Micro Area",63%,37%,88%,12%,65%,35%,48%,52%,46%,54%
"Macon-Bibb County, GA Metro Area",61%,39%,82%,18%,56%,44%,43%,57%,47%,53%
"Madera, CA Metro Area",66%,34%,74%,26%,52%,48%,42%,58%,63%,37%
"Madison, IN Micro Area",69%,31%,85%,15%,55%,45%,58%,42%,56%,44%
"Madison, WI Metro Area",62%,38%,85%,15%,53%,47%,46%,55%,41%,59%
"Madisonville, KY Micro Area",68%,32%,83%,17%,63%,37%,47%,53%,56%,44%
"Magnolia, AR Micro Area",69%,31%,86%,14%,50%,50%,48%,52%,56%,45%
"Malone, NY Micro Area",72%,28%,88%,12%,64%,36%,54%,46%,58%,42%
"Malvern, AR Micro Area",80%,21%,88%,12%,90%,10%,58%,43%,72%,28%
"Manchester-Nashua, NH Metro Area",66%,34%,83%,18%,56%,44%,51%,49%,47%,53%
"Manhattan, KS Metro Area",49%,51%,67%,33%,43%,57%,32%,68%,32%,68%
"Manitowoc, WI Micro Area",76%,24%,91%,9%,67%,33%,52%,48%,62%,38%
"Mankato, MN Metro Area",65%,35%,89%,11%,60%,40%,52%,48%,41%,59%
"Mansfield, OH Metro Area",67%,33%,85%,15%,50%,50%,44%,56%,54%,46%
"Marietta, OH Micro Area",74%,26%,90%,10%,61%,39%,52%,48%,59%,41%
"Marinette, WI-MI Micro Area",77%,23%,91%,9%,73%,27%,59%,41%,63%,37%
"Marion, IN Micro Area",70%,30%,84%,16%,57%,43%,52%,48%,60%,40%
"Marion, NC Micro Area",74%,26%,84%,16%,59%,41%,59%,41%,63%,37%
"Marion, OH Micro Area",67%,33%,81%,19%,62%,38%,49%,51%,58%,43%
"Marquette, MI Micro Area",72%,29%,91%,9%,73%,28%,61%,39%,52%,49%
"Marshall, MN Micro Area",69%,31%,87%,13%,50%,50%,40%,60%,53%,47%
"Marshall, MO Micro Area",71%,29%,88%,12%,59%,41%,48%,52%,55%,45%
"Marshalltown, IA Micro Area",72%,28%,86%,15%,72%,28%,52%,48%,57%,43%
"Martin, TN Micro Area",65%,35%,83%,17%,46%,54%,38%,62%,49%,51%
"Martinsville, VA Micro Area",69%,31%,84%,16%,72%,28%,59%,41%,56%,44%
"Maryville, MO Micro Area",58%,42%,86%,14%,76%,24%,42%,58%,32%,68%
"Mason City, IA Micro Area",71%,29%,89%,12%,61%,39%,46%,55%,57%,43%
"Mayagüez, PR Metro Area",60%,40%,82%,18%,59%,41%,44%,56%,50%,50%
"Mayfield, KY Micro Area",74%,26%,87%,13%,66%,34%,44%,56%,63%,37%
"Maysville, KY Micro Area",69%,31%,86%,14%,70%,30%,39%,61%,57%,43%
"McAlester, OK Micro Area",73%,28%,86%,15%,55%,45%,49%,51%,64%,36%
"McAllen-Edinburg-Mission, TX Metro Area",68%,32%,79%,21%,62%,38%,56%,44%,55%,45%
"McComb, MS Micro Area",68%,32%,87%,13%,60%,40%,58%,42%,57%,43%
"McMinnville, TN Micro Area",70%,30%,85%,15%,68%,32%,44%,56%,58%,42%
"McPherson, KS Micro Area",69%,31%,86%,14%,72%,28%,41%,59%,47%,53%
"Meadville, PA Micro Area",73%,27%,86%,14%,67%,33%,52%,48%,60%,40%
"Medford, OR Metro Area",64%,36%,79%,21%,58%,42%,45%,55%,50%,50%
"Memphis, TN-MS-AR Metro Area",60%,40%,80%,20%,49%,51%,42%,58%,47%,54%
"Menomonie, WI Micro Area",67%,33%,87%,13%,69%,31%,56%,44%,46%,55%
"Merced, CA Metro Area",52%,48%,64%,36%,50%,50%,30%,70%,44%,57%
"Meridian, MS Micro Area",69%,32%,84%,16%,63%,37%,53%,47%,58%,42%
"Mexico, MO Micro Area",71%,30%,84%,17%,67%,33%,46%,54%,61%,39%
"Miami, OK Micro Area",69%,31%,81%,19%,61%,39%,48%,52%,61%,39%
"Miami-Fort Lauderdale-Pompano Beach, FL Metro Area",60%,40%,71%,29%,49%,51%,47%,53%,53%,47%
"Michigan City-La Porte, IN Metro Area",73%,27%,88%,13%,64%,36%,53%,48%,64%,36%
"Middlesborough, KY Micro Area",63%,37%,75%,25%,51%,49%,62%,38%,50%,50%
"Midland, MI Metro Area",77%,23%,89%,11%,64%,37%,61%,39%,63%,37%
"Midland, TX Metro Area",67%,33%,82%,18%,50%,50%,50%,50%,50%,50%
"Milledgeville, GA Micro Area",62%,38%,83%,17%,36%,64%,42%,58%,52%,48%
"Milwaukee-Waukesha, WI Metro Area",60%,40%,84%,16%,47%,53%,37%,63%,42%,58%
"Minden, LA Micro Area",66%,34%,77%,23%,59%,41%,47%,53%,62%,38%
"Mineral Wells, TX Micro Area",75%,26%,87%,13%,65%,35%,59%,41%,63%,37%
"Minneapolis-St. Paul-Bloomington, MN-WI Metro Area",70%,30%,88%,12%,64%,36%,53%,47%,52%,48%
"Minot, ND Micro Area",62%,38%,79%,21%,63%,38%,51%,49%,43%,57%
"Missoula, MT Metro Area",59%,41%,80%,20%,54%,46%,46%,54%,40%,60%
"Mitchell, SD Micro Area",63%,37%,81%,19%,87%,13%,53%,47%,40%,60%
"Moberly, MO Micro Area",71%,29%,86%,14%,51%,49%,45%,55%,64%,36%
"Mobile, AL Metro Area",65%,35%,82%,18%,58%,42%,48%,52%,52%,49%
"Modesto, CA Metro Area",59%,41%,70%,30%,44%,56%,41%,59%,49%,51%
"Monroe, LA Metro Area",63%,37%,84%,16%,61%,40%,39%,61%,51%,49%
"Monroe, MI Metro Area",81%,19%,92%,8%,80%,20%,67%,33%,67%,33%
"Montgomery, AL Metro Area",64%,36%,82%,18%,54%,46%,48%,52%,53%,47%
"Montrose, CO Micro Area",74%,26%,85%,15%,65%,35%,44%,56%,61%,39%
"Morehead City, NC Micro Area",72%,28%,83%,17%,57%,43%,50%,51%,63%,37%
"Morgan City, LA Micro Area",61%,39%,81%,19%,63%,37%,57%,43%,45%,55%
"Morgantown, WV Metro Area",64%,36%,86%,14%,54%,46%,57%,43%,42%,58%
"Morristown, TN Metro Area",72%,28%,83%,17%,57%,43%,54%,46%,61%,39%
"Moscow, ID Micro Area",55%,45%,82%,18%,53%,47%,40%,61%,30%,70%
"Moses Lake, WA Micro Area",65%,35%,78%,22%,50%,50%,43%,57%,53%,47%
"Moultrie, GA Micro Area",62%,38%,82%,18%,49%,52%,31%,69%,56%,44%
"Mountain Home, AR Micro Area",77%,23%,84%,16%,75%,25%,67%,34%,68%,32%
"Mountain Home, ID Micro Area",61%,39%,67%,33%,63%,37%,55%,45%,54%,46%
"Mount Airy, NC Micro Area",73%,27%,87%,13%,61%,39%,53%,47%,58%,42%
"Mount Gay-Shamrock, WV Micro Area",72%,28%,81%,19%,52%,48%,55%,45%,69%,32%
"Mount Pleasant, MI Micro Area",63%,37%,88%,12%,69%,31%,51%,49%,42%,58%
"Mount Pleasant, TX Micro Area",69%,31%,83%,17%,61%,39%,53%,47%,50%,50%
"Mount Sterling, KY Micro Area",70%,30%,83%,17%,74%,26%,40%,60%,60%,40%
"Mount Vernon, IL Micro Area",72%,28%,90%,10%,68%,32%,39%,61%,59%,41%
"Mount Vernon, OH Micro Area",72%,28%,85%,15%,47%,53%,34%,66%,62%,38%
"Mount Vernon-Anacortes, WA Metro Area",70%,30%,82%,18%,56%,44%,52%,48%,57%,43%
"Muncie, IN Metro Area",65%,36%,85%,15%,60%,40%,51%,49%,49%,51%
"Murray, KY Micro Area",63%,37%,81%,19%,62%,38%,57%,43%,44%,56%
"Muscatine, IA Micro Area",74%,26%,88%,12%,64%,36%,53%,47%,64%,37%
"Muskegon, MI Metro Area",76%,24%,90%,10%,72%,28%,58%,42%,65%,35%
"Muskogee, OK Micro Area",65%,35%,82%,18%,54%,46%,48%,52%,53%,47%
"Myrtle Beach-Conway-North Myrtle Beach, SC-NC Metro Area",76%,24%,87%,13%,52%,48%,58%,42%,68%,32%
"Nacogdoches, TX Micro Area",58%,42%,83%,17%,43%,57%,34%,66%,35%,65%
"Napa, CA Metro Area",65%,35%,75%,25%,52%,48%,47%,53%,56%,44%
"Naples-Marco Island, FL Metro Area",74%,26%,83%,18%,56%,44%,53%,47%,69%,31%
"Nashville-Davidson--Murfreesboro--Franklin, TN Metro Area",66%,34%,82%,18%,56%,44%,47%,54%,49%,51%
"Natchez, MS-LA Micro Area",66%,34%,83%,18%,65%,35%,48%,52%,60%,40%
"Natchitoches, LA Micro Area",50%,50%,77%,24%,39%,61%,37%,63%,33%,67%
"New Bern, NC Metro Area",67%,33%,78%,23%,58%,42%,45%,55%,60%,40%
"Newberry, SC Micro Area",75%,25%,88%,12%,57%,43%,50%,50%,70%,30%
"New Castle, IN Micro Area",74%,26%,85%,15%,66%,34%,55%,45%,67%,33%
"New Castle, PA Micro Area",75%,25%,90%,10%,64%,37%,58%,42%,62%,38%
"New Haven-Milford, CT Metro Area",62%,38%,83%,17%,55%,45%,42%,58%,47%,54%
"New Orleans-Metairie, LA Metro Area",64%,36%,84%,16%,57%,43%,50%,50%,50%,50%
"New Philadelphia-Dover, OH Micro Area",71%,29%,84%,16%,55%,45%,51%,49%,58%,43%
"Newport, OR Micro Area",67%,33%,80%,20%,67%,33%,51%,49%,58%,42%
"Newport, TN Micro Area",70%,30%,79%,21%,66%,34%,52%,48%,65%,35%
"New Ulm, MN Micro Area",77%,23%,92%,8%,65%,35%,67%,33%,57%,44%
"New York-Newark-Jersey City, NY-NJ-PA Metro Area",52%,48%,68%,32%,42%,58%,36%,64%,37%,63%
"Niles, MI Metro Area",71%,29%,87%,13%,63%,37%,52%,48%,58%,42%
"Nogales, AZ Micro Area",68%,32%,79%,21%,48%,52%,60%,40%,54%,46%
"Norfolk, NE Micro Area",70%,30%,84%,16%,63%,37%,54%,46%,56%,44%
"North Platte, NE Micro Area",68%,32%,85%,16%,62%,38%,42%,58%,51%,49%
"North Port-Sarasota-Bradenton, FL Metro Area",75%,25%,86%,15%,54%,46%,54%,46%,68%,32%
"North Vernon, IN Micro Area",78%,22%,88%,12%,67%,33%,65%,35%,68%,32%
"North Wilkesboro, NC Micro Area",76%,24%,88%,12%,71%,29%,60%,40%,63%,37%
"Norwalk, OH Micro Area",72%,28%,86%,14%,69%,32%,47%,53%,61%,40%
"Norwich-New London, CT Metro Area",67%,33%,83%,17%,56%,44%,50%,50%,53%,47%
"Oak Harbor, WA Micro Area",71%,29%,78%,22%,64%,36%,50%,50%,64%,36%
"Ocala, FL Metro Area",75%,25%,86%,14%,63%,38%,52%,48%,68%,32%
"Ocean City, NJ Metro Area",78%,22%,88%,12%,78%,22%,57%,43%,68%,32%
"Odessa, TX Metro Area",66%,35%,80%,20%,67%,33%,47%,53%,54%,46%
"Ogden-Clearfield, UT Metro Area",77%,23%,85%,15%,64%,36%,58%,42%,63%,37%
"Ogdensburg-Massena, NY Micro Area",73%,28%,90%,10%,70%,30%,57%,43%,56%,44%
"Oil City, PA Micro Area",73%,27%,87%,13%,67%,33%,50%,50%,60%,40%
"Okeechobee, FL Micro Area",75%,25%,87%,13%,50%,50%,56%,44%,68%,32%
"Oklahoma City, OK Metro Area",64%,36%,81%,19%,57%,43%,45%,55%,50%,50%
"Olean, NY Micro Area",72%,28%,89%,12%,64%,36%,55%,46%,59%,41%
"Olympia-Lacey-Tumwater, WA Metro Area",66%,34%,81%,19%,61%,39%,49%,51%,50%,50%
"Omaha-Council Bluffs, NE-IA Metro Area",66%,34%,85%,15%,55%,45%,47%,53%,47%,54%
"Oneonta, NY Micro Area",72%,28%,89%,11%,65%,35%,56%,44%,56%,44%
"Ontario, OR-ID Micro Area",65%,35%,78%,22%,51%,49%,45%,55%,55%,45%
"Opelousas, LA Micro Area",69%,31%,84%,16%,53%,47%,45%,55%,64%,36%
"Orangeburg, SC Micro Area",67%,33%,84%,16%,59%,41%,56%,44%,59%,42%
"Orlando-Kissimmee-Sanford, FL Metro Area",62%,38%,76%,24%,51%,50%,46%,54%,49%,51%
"Oshkosh-Neenah, WI Metro Area",66%,34%,87%,13%,60%,40%,46%,54%,47%,53%
"Oskaloosa, IA Micro Area",68%,32%,83%,17%,59%,41%,48%,52%,51%,49%
"Othello, WA Micro Area",61%,39%,70%,30%,27%,73%,47%,53%,62%,38%
"Ottawa, IL Micro Area",73%,27%,89%,11%,63%,37%,48%,52%,61%,39%
"Ottawa, KS Micro Area",73%,27%,86%,14%,75%,25%,52%,48%,58%,42%
"Ottumwa, IA Micro Area",68%,32%,83%,17%,49%,52%,46%,54%,58%,42%
"Owatonna, MN Micro Area",77%,23%,91%,9%,72%,28%,61%,39%,56%,44%
"Owensboro, KY Metro Area",69%,32%,83%,17%,54%,46%,49%,51%,56%,44%
"Oxford, MS Micro Area",61%,39%,83%,18%,74%,26%,51%,49%,40%,60%
"Oxnard-Thousand Oaks-Ventura, CA Metro Area",63%,37%,74%,26%,57%,43%,46%,54%,52%,48%
"Ozark, AL Micro Area",59%,41%,70%,30%,42%,58%,40%,60%,55%,45%
"Paducah, KY-IL Micro Area",69%,31%,86%,14%,58%,43%,49%,51%,54%,46%
"Pahrump, NV Micro Area",72%,29%,81%,20%,57%,43%,65%,35%,64%,36%
"Palatka, FL Micro Area",71%,29%,83%,17%,61%,39%,58%,42%,65%,35%
"Palestine, TX Micro Area",72%,29%,81%,19%,60%,40%,53%,47%,65%,35%
"Palm Bay-Melbourne-Titusville, FL Metro Area",76%,24%,85%,15%,62%,38%,60%,41%,68%,32%
"Pampa, TX Micro Area",73%,27%,85%,15%,73%,27%,44%,56%,64%,36%
"Panama City, FL Metro Area",67%,33%,78%,22%,65%,35%,47%,53%,60%,40%
"Paragould, AR Micro Area",67%,33%,79%,21%,70%,30%,49%,51%,54%,46%
"Paris, TN Micro Area",75%,25%,88%,12%,73%,27%,53%,47%,65%,36%
"Paris, TX Micro Area",65%,35%,82%,18%,64%,37%,42%,58%,52%,49%
"Parkersburg-Vienna, WV Metro Area",73%,27%,87%,13%,66%,34%,55%,45%,60%,40%
"Parsons, KS Micro Area",71%,29%,87%,13%,65%,35%,49%,51%,55%,45%
"Payson, AZ Micro Area",75%,25%,87%,13%,59%,41%,59%,41%,68%,32%
"Pearsall, TX Micro Area",67%,33%,75%,26%,66%,34%,58%,42%,60%,40%
"Pecos, TX Micro Area",79%,21%,86%,14%,56%,44%,66%,34%,78%,22%
"Pella, IA Micro Area",74%,26%,87%,13%,69%,31%,60%,40%,52%,48%
"Pensacola-Ferry Pass-Brent, FL Metro Area",68%,32%,82%,18%,62%,38%,51%,49%,56%,44%
"Peoria, IL Metro Area",72%,28%,89%,11%,67%,33%,50%,50%,57%,43%
"Peru, IN Micro Area",72%,28%,81%,19%,70%,30%,51%,49%,65%,35%
"Philadelphia-Camden-Wilmington, PA-NJ-DE-MD Metro Area",67%,33%,85%,15%,62%,38%,54%,46%,50%,50%
"Phoenix-Mesa-Chandler, AZ Metro Area",64%,36%,79%,21%,53%,47%,46%,54%,52%,48%
"Picayune, MS Micro Area",79%,21%,88%,12%,80%,20%,56%,44%,70%,30%
"Pierre, SD Micro Area",72%,28%,89%,11%,35%,66%,51%,49%,62%,38%
"Pine Bluff, AR Metro Area",65%,35%,82%,18%,57%,43%,47%,53%,56%,44%
"Pinehurst-Southern Pines, NC Micro Area",77%,23%,89%,11%,63%,37%,58%,42%,64%,36%
"Pittsburg, KS Micro Area",60%,40%,83%,17%,56%,44%,38%,62%,42%,58%
"Pittsburgh, PA Metro Area",70%,30%,88%,12%,67%,33%,55%,45%,52%,48%
"Pittsfield, MA Metro Area",70%,30%,88%,12%,64%,36%,55%,45%,56%,44%
"Plainview, TX Micro Area",63%,37%,76%,24%,55%,45%,44%,56%,53%,47%
"Platteville, WI Micro Area",69%,31%,88%,12%,57%,43%,56%,44%,48%,52%
"Plattsburgh, NY Micro Area",68%,32%,85%,15%,74%,26%,57%,43%,50%,50%
"Plymouth, IN Micro Area",75%,25%,86%,14%,54%,46%,61%,39%,63%,37%
"Pocatello, ID Metro Area",68%,32%,84%,16%,60%,40%,55%,45%,51%,50%
"Point Pleasant, WV-OH Micro Area",79%,21%,89%,11%,60%,41%,61%,39%,67%,33%
"Ponca City, OK Micro Area",66%,34%,82%,18%,60%,40%,47%,53%,55%,45%
"Ponce, PR Metro Area",69%,31%,85%,15%,56%,44%,56%,44%,63%,37%
"Pontiac, IL Micro Area",72%,28%,85%,15%,68%,32%,55%,45%,60%,40%
"Poplar Bluff, MO Micro Area",68%,32%,84%,16%,76%,24%,48%,52%,53%,47%
"Portales, NM Micro Area",58%,42%,77%,24%,67%,33%,36%,64%,45%,55%
"Port Angeles, WA Micro Area",71%,29%,85%,15%,52%,48%,55%,45%,61%,39%
"Portland-South Portland, ME Metro Area",72%,28%,88%,12%,66%,34%,59%,41%,55%,45%
"Portland-Vancouver-Hillsboro, OR-WA Metro Area",62%,38%,79%,21%,52%,49%,47%,53%,45%,55%
"Port Lavaca, TX Micro Area",74%,26%,81%,20%,79%,21%,46%,54%,75%,26%
"Port St. Lucie, FL Metro Area",77%,23%,86%,14%,54%,46%,60%,40%,71%,29%
"Portsmouth, OH Micro Area",67%,33%,82%,18%,62%,38%,50%,50%,56%,45%
"Pottsville, PA Micro Area",75%,25%,90%,10%,74%,26%,62%,38%,61%,39%
"Poughkeepsie-Newburgh-Middletown, NY Metro Area",68%,32%,82%,18%,61%,39%,55%,46%,51%,49%
"Prescott Valley-Prescott, AZ Metro Area",73%,27%,84%,16%,60%,41%,57%,43%,62%,38%
"Price, UT Micro Area",72%,28%,84%,16%,53%,47%,54%,46%,61%,39%
"Prineville, OR Micro Area",74%,27%,87%,13%,63%,37%,45%,55%,63%,37%
"Providence-Warwick, RI-MA Metro Area",62%,38%,82%,18%,55%,45%,44%,56%,45%,55%
"Provo-Orem, UT Metro Area",68%,32%,76%,24%,49%,51%,54%,46%,47%,53%
"Pueblo, CO Metro Area",65%,35%,82%,18%,59%,41%,46%,54%,54%,46%
"Pullman, WA Micro Area",44%,56%,71%,30%,43%,57%,47%,53%,25%,75%
"Punta Gorda, FL Metro Area",82%,18%,90%,10%,65%,35%,66%,34%,73%,27%
"Quincy, IL-MO Micro Area",72%,28%,88%,12%,61%,39%,55%,45%,55%,45%
"Racine, WI Metro Area",68%,32%,87%,13%,47%,53%,37%,64%,56%,44%
"Raleigh-Cary, NC Metro Area",66%,34%,82%,18%,59%,41%,45%,55%,48%,53%
"Rapid City, SD Metro Area",70%,30%,87%,13%,65%,35%,49%,51%,54%,46%
"Raymondville, TX Micro Area",67%,33%,80%,20%,33%,67%,52%,48%,68%,32%
"Reading, PA Metro Area",71%,29%,88%,12%,67%,33%,48%,52%,55%,45%
"Red Bluff, CA Micro Area",66%,34%,77%,23%,64%,36%,48%,52%,58%,43%
"Redding, CA Metro Area",65%,35%,79%,21%,48%,52%,47%,53%,55%,45%
"Red Wing, MN Micro Area",75%,25%,92%,8%,84%,16%,59%,41%,54%,46%
"Reno, NV Metro Area",58%,42%,75%,25%,46%,54%,44%,56%,44%,56%
"Rexburg, ID Micro Area",53%,48%,55%,45%,70%,30%,66%,34%,39%,61%
"Richmond, IN Micro Area",67%,33%,82%,18%,64%,36%,49%,51%,54%,46%
"Richmond, VA Metro Area",67%,33%,85%,16%,56%,44%,49%,51%,51%,49%
"Richmond-Berea, KY Micro Area",62%,38%,80%,20%,48%,52%,38%,62%,47%,53%
"Rio Grande City-Roma, TX Micro Area",75%,25%,82%,18%,69%,31%,66%,34%,70%,30%
"Riverside-San Bernardino-Ontario, CA Metro Area",64%,36%,75%,25%,53%,47%,45%,55%,56%,44%
"Riverton, WY Micro Area",70%,30%,81%,19%,64%,36%,50%,50%,63%,37%
"Roanoke, VA Metro Area",69%,31%,85%,15%,62%,38%,52%,49%,56%,44%
"Roanoke Rapids, NC Micro Area",64%,36%,80%,20%,63%,38%,43%,57%,59%,41%
"Rochelle, IL Micro Area",72%,28%,88%,12%,53%,47%,51%,49%,56%,45%
"Rochester, MN Metro Area",75%,25%,90%,10%,74%,26%,59%,41%,55%,45%
"Rochester, NY Metro Area",67%,33%,88%,12%,63%,37%,48%,52%,50%,50%
"Rockford, IL Metro Area",68%,32%,86%,14%,62%,38%,43%,57%,55%,45%
"Rockingham, NC Micro Area",66%,34%,85%,15%,64%,36%,51%,49%,52%,48%
"Rockport, TX Micro Area",82%,18%,94%,6%,78%,22%,59%,41%,72%,28%
"Rock Springs, WY Micro Area",75%,25%,85%,15%,71%,29%,59%,41%,66%,34%
"Rocky Mount, NC Metro Area",64%,36%,83%,17%,43%,57%,41%,59%,55%,45%
"Rolla, MO Micro Area",60%,40%,81%,19%,48%,52%,40%,60%,41%,59%
"Rome, GA Metro Area",63%,38%,79%,21%,57%,43%,42%,58%,47%,53%
"Roseburg, OR Micro Area",70%,30%,82%,18%,43%,57%,62%,38%,58%,42%
"Roswell, NM Micro Area",68%,32%,81%,19%,62%,38%,55%,45%,58%,42%
"Ruidoso, NM Micro Area",76%,24%,90%,10%,39%,61%,57%,43%,63%,37%
"Russellville, AR Micro Area",72%,28%,85%,15%,58%,42%,60%,40%,59%,41%
"Ruston, LA Micro Area",52%,49%,84%,16%,32%,68%,29%,71%,38%,62%
"Rutland, VT Micro Area",72%,29%,88%,12%,67%,33%,59%,41%,56%,44%
"Sacramento-Roseville-Folsom, CA Metro Area",61%,39%,75%,25%,50%,50%,45%,55%,48%,52%
"Safford, AZ Micro Area",72%,29%,80%,20%,71%,29%,62%,38%,62%,38%
"Saginaw, MI Metro Area",72%,29%,91%,9%,62%,38%,48%,52%,59%,41%
"St. Cloud, MN Metro Area",68%,32%,87%,14%,62%,38%,51%,49%,49%,51%
"St. George, UT Metro Area",70%,30%,78%,22%,48%,52%,45%,55%,61%,39%
"St. Joseph, MO-KS Metro Area",66%,34%,82%,18%,71%,29%,46%,54%,52%,48%
"St. Louis, MO-IL Metro Area",69%,31%,87%,13%,63%,38%,50%,51%,54%,46%
"St. Marys, GA Micro Area",62%,38%,77%,23%,31%,69%,35%,66%,54%,46%
"St. Marys, PA Micro Area",78%,22%,94%,6%,83%,17%,62%,38%,62%,38%
"Salem, OH Micro Area",73%,27%,89%,11%,58%,42%,52%,48%,61%,39%
"Salem, OR Metro Area",62%,38%,76%,24%,47%,53%,44%,57%,48%,52%
"Salina, KS Micro Area",67%,33%,86%,14%,65%,35%,46%,54%,49%,51%
"Salinas, CA Metro Area",52%,48%,61%,39%,41%,59%,38%,62%,42%,58%
"Salisbury, MD-DE Metro Area",74%,26%,88%,12%,62%,38%,51%,49%,65%,35%
"Salt Lake City, UT Metro Area",68%,32%,82%,18%,57%,43%,58%,42%,49%,51%
"San Angelo, TX Metro Area",66%,34%,80%,20%,65%,35%,54%,47%,52%,48%
"San Antonio-New Braunfels, TX Metro Area",63%,37%,79%,22%,57%,43%,51%,49%,46%,54%
"San Diego-Chula Vista-Carlsbad, CA Metro Area",54%,46%,67%,34%,45%,55%,40%,60%,41%,59%
"Sandpoint, ID Micro Area",76%,24%,87%,14%,70%,30%,44%,56%,65%,35%
"Sandusky, OH Micro Area",70%,30%,88%,12%,69%,31%,46%,54%,55%,45%
"Sanford, NC Micro Area",65%,35%,80%,20%,56%,44%,41%,59%,55%,45%
"San Francisco-Oakland-Berkeley, CA Metro Area",55%,45%,70%,30%,49%,51%,46%,54%,38%,62%
"San Germán, PR Metro Area",70%,30%,83%,17%,53%,47%,62%,38%,63%,37%
"San Jose-Sunnyvale-Santa Clara, CA Metro Area",57%,43%,67%,33%,48%,52%,46%,54%,41%,59%
"San Juan-Bayamón-Caguas, PR Metro Area",68%,32%,83%,17%,60%,40%,55%,45%,61%,39%
"San Luis Obispo-Paso Robles, CA Metro Area",63%,37%,77%,23%,55%,45%,48%,52%,47%,53%
"Santa Cruz-Watsonville, CA Metro Area",60%,40%,74%,26%,47%,53%,45%,55%,48%,52%
"Santa Fe, NM Metro Area",71%,29%,83%,17%,59%,41%,63%,38%,63%,37%
"Santa Isabel, PR Micro Area",78%,22%,87%,13%,64%,36%,78%,22%,74%,26%
"Santa Maria-Santa Barbara, CA Metro Area",52%,48%,66%,34%,41%,59%,35%,65%,41%,59%
"Santa Rosa-Petaluma, CA Metro Area",61%,39%,74%,27%,44%,56%,50%,50%,50%,50%
"Sault Ste. Marie, MI Micro Area",70%,30%,87%,13%,61%,39%,52%,48%,57%,43%
"Savannah, GA Metro Area",60%,40%,78%,22%,53%,48%,39%,61%,48%,52%
"Sayre, PA Micro Area",73%,27%,87%,13%,74%,26%,55%,45%,57%,43%
"Scottsbluff, NE Micro Area",67%,33%,83%,17%,57%,43%,44%,56%,53%,47%
"Scottsboro, AL Micro Area",77%,23%,86%,14%,83%,17%,64%,36%,65%,35%
"Scottsburg, IN Micro Area",67%,33%,81%,19%,55%,45%,53%,47%,56%,44%
"Scranton--Wilkes-Barre, PA Metro Area",67%,33%,85%,15%,60%,40%,49%,51%,54%,47%
"Searcy, AR Micro Area",68%,32%,82%,18%,58%,42%,47%,53%,53%,47%
"Seattle-Tacoma-Bellevue, WA Metro Area",60%,40%,77%,23%,52%,48%,49%,51%,42%,58%
"Sebastian-Vero Beach, FL Metro Area",80%,20%,89%,11%,52%,48%,63%,37%,73%,27%
"Sebring-Avon Park, FL Metro Area",77%,23%,85%,15%,49%,51%,52%,48%,76%,24%
"Sedalia, MO Micro Area",69%,31%,80%,20%,67%,33%,56%,44%,56%,44%
"Selinsgrove, PA Micro Area",73%,27%,86%,14%,60%,40%,53%,47%,56%,44%
"Selma, AL Micro Area",57%,43%,86%,14%,58%,42%,40%,60%,41%,59%
"Seneca, SC Micro Area",73%,27%,90%,10%,55%,45%,48%,52%,57%,43%
"Seneca Falls, NY Micro Area",73%,27%,89%,11%,64%,36%,54%,46%,59%,41%
"Sevierville, TN Micro Area",71%,29%,80%,20%,50%,50%,59%,41%,62%,38%
"Seymour, IN Micro Area",71%,29%,86%,14%,64%,36%,46%,54%,55%,45%
"Shawano, WI Micro Area",77%,23%,90%,11%,67%,33%,57%,43%,66%,34%
"Shawnee, OK Micro Area",71%,29%,85%,16%,66%,34%,53%,47%,58%,43%
"Sheboygan, WI Metro Area",70%,30%,88%,12%,58%,43%,44%,57%,53%,47%
"Shelby, NC Micro Area",68%,32%,83%,17%,51%,50%,46%,54%,61%,39%
"Shelbyville, TN Micro Area",71%,29%,84%,16%,72%,28%,37%,63%,64%,36%
"Shelton, WA Micro Area",77%,23%,89%,11%,61%,40%,60%,41%,68%,32%
"Sheridan, WY Micro Area",68%,32%,86%,14%,63%,37%,62%,39%,48%,52%
"Sherman-Denison, TX Metro Area",68%,32%,81%,19%,58%,42%,48%,52%,57%,43%
"Show Low, AZ Micro Area",70%,30%,81%,19%,59%,41%,58%,43%,62%,38%
"Shreveport-Bossier City, LA Metro Area",63%,37%,82%,18%,63%,37%,42%,59%,52%,48%
"Sidney, OH Micro Area",71%,29%,86%,14%,52%,48%,32%,68%,58%,42%
"Sierra Vista-Douglas, AZ Metro Area",69%,31%,80%,20%,62%,38%,50%,50%,61%,39%
"Sikeston, MO Micro Area",66%,34%,84%,16%,45%,55%,40%,60%,56%,44%
"Silver City, NM Micro Area",66%,34%,87%,13%,53%,47%,41%,59%,56%,44%
"Sioux City, IA-NE-SD Metro Area",68%,32%,85%,15%,51%,50%,47%,53%,54%,46%
"Sioux Falls, SD Metro Area",66%,34%,86%,14%,59%,41%,45%,55%,45%,55%
"Snyder, TX Micro Area",79%,22%,87%,14%,85%,15%,64%,36%,69%,31%
"Somerset, KY Micro Area",70%,30%,82%,18%,54%,46%,53%,48%,63%,37%
"Somerset, PA Micro Area",80%,20%,91%,9%,79%,21%,53%,47%,69%,31%
"Sonora, CA Micro Area",74%,26%,87%,13%,64%,36%,53%,47%,63%,37%
"South Bend-Mishawaka, IN-MI Metro Area",70%,30%,88%,12%,65%,35%,50%,50%,56%,44%
"Spartanburg, SC Metro Area",71%,29%,85%,15%,62%,38%,52%,49%,60%,40%
"Spearfish, SD Micro Area",64%,36%,85%,15%,76%,24%,58%,43%,45%,55%
"Spencer, IA Micro Area",68%,33%,86%,14%,61%,39%,29%,71%,55%,45%
"Spirit Lake, IA Micro Area",78%,22%,92%,8%,89%,11%,69%,31%,62%,38%
"Spokane-Spokane Valley, WA Metro Area",64%,36%,82%,18%,58%,42%,49%,51%,47%,53%
"Springfield, IL Metro Area",71%,30%,89%,11%,64%,36%,49%,51%,58%,42%
"Springfield, MA Metro Area",64%,36%,85%,15%,61%,40%,44%,56%,49%,52%
"Springfield, MO Metro Area",62%,38%,81%,19%,47%,53%,43%,57%,45%,55%
"Springfield, OH Metro Area",67%,33%,85%,15%,57%,43%,42%,58%,57%,43%
"Starkville, MS Micro Area",54%,46%,81%,19%,49%,51%,48%,52%,35%,65%
"State College, PA Metro Area",63%,38%,86%,14%,67%,33%,57%,43%,38%,62%
"Statesboro, GA Micro Area",54%,46%,75%,25%,62%,38%,39%,61%,36%,64%
"Staunton, VA Metro Area",71%,29%,84%,16%,76%,24%,54%,46%,59%,41%
"Steamboat Springs, CO Micro Area",75%,25%,85%,15%,61%,39%,78%,22%,60%,40%
"Stephenville, TX Micro Area",65%,35%,82%,18%,43%,57%,58%,42%,42%,58%
"Sterling, CO Micro Area",67%,34%,85%,15%,48%,52%,67%,34%,47%,53%
"Sterling, IL Micro Area",74%,26%,89%,11%,72%,28%,55%,45%,62%,39%
"Stevens Point, WI Micro Area",69%,31%,91%,9%,51%,49%,63%,37%,45%,55%
"Stillwater, OK Micro Area",52%,48%,76%,25%,56%,44%,45%,55%,32%,68%
"Stockton, CA Metro Area",58%,42%,69%,31%,44%,56%,39%,62%,50%,50%
"Storm Lake, IA Micro Area",65%,36%,82%,18%,40%,60%,48%,52%,49%,51%
"Sturgis, MI Micro Area",74%,26%,86%,14%,65%,35%,57%,44%,64%,36%
"Sulphur Springs, TX Micro Area",69%,31%,80%,20%,50%,50%,54%,46%,58%,42%
"Summerville, GA Micro Area",69%,31%,82%,18%,50%,50%,51%,49%,60%,40%
"Sumter, SC Metro Area",68%,33%,82%,18%,52%,48%,54%,47%,59%,41%
"Sunbury, PA Micro Area",71%,29%,87%,13%,57%,43%,49%,51%,59%,41%
"Susanville, CA Micro Area",69%,31%,79%,21%,73%,27%,49%,51%,59%,41%
"Sweetwater, TX Micro Area",68%,32%,79%,21%,45%,55%,51%,49%,62%,38%
"Syracuse, NY Metro Area",68%,32%,88%,12%,61%,39%,48%,52%,52%,48%
"Tahlequah, OK Micro Area",67%,33%,83%,17%,58%,42%,59%,42%,51%,49%
"Talladega-Sylacauga, AL Micro Area",72%,29%,87%,13%,75%,25%,49%,52%,62%,39%
"Tallahassee, FL Metro Area",58%,42%,83%,18%,52%,48%,44%,56%,41%,59%
"Tampa-St. Petersburg-Clearwater, FL Metro Area",66%,34%,80%,20%,55%,45%,49%,51%,56%,45%
"Taos, NM Micro Area",77%,23%,89%,11%,76%,24%,63%,37%,71%,29%
"Taylorville, IL Micro Area",74%,26%,87%,13%,68%,33%,52%,48%,65%,35%
"Terre Haute, IN Metro Area",69%,31%,86%,14%,58%,42%,50%,50%,55%,45%
"Texarkana, TX-AR Metro Area",66%,34%,83%,17%,50%,50%,41%,59%,57%,43%
"The Dalles, OR Micro Area",64%,36%,78%,23%,50%,50%,50%,50%,55%,45%
"The Villages, FL Metro Area",89%,11%,95%,5%,74%,26%,57%,43%,82%,18%
"Thomaston, GA Micro Area",65%,35%,84%,16%,27%,73%,39%,62%,60%,40%
"Thomasville, GA Micro Area",62%,38%,85%,15%,33%,67%,35%,65%,50%,50%
"Tiffin, OH Micro Area",73%,27%,89%,11%,65%,35%,47%,53%,62%,38%
"Tifton, GA Micro Area",62%,38%,82%,18%,50%,50%,44%,56%,45%,55%
"Toccoa, GA Micro Area",73%,27%,87%,13%,82%,18%,49%,51%,59%,41%
"Toledo, OH Metro Area",64%,37%,86%,14%,55%,45%,42%,58%,49%,51%
"Topeka, KS Metro Area",69%,31%,84%,16%,60%,40%,53%,47%,55%,45%
"Torrington, CT Micro Area",76%,24%,91%,9%,65%,36%,65%,35%,59%,41%
"Traverse City, MI Micro Area",81%,19%,92%,8%,79%,21%,65%,35%,69%,31%
"Trenton-Princeton, NJ Metro Area",64%,37%,80%,20%,61%,39%,48%,52%,46%,54%
"Troy, AL Micro Area",64%,37%,88%,12%,92%,8%,45%,55%,49%,52%
"Truckee-Grass Valley, CA Micro Area",75%,25%,88%,13%,56%,44%,59%,41%,63%,37%
"Tucson, AZ Metro Area",64%,36%,82%,18%,54%,46%,50%,50%,50%,50%
"Tullahoma-Manchester, TN Micro Area",71%,30%,85%,15%,55%,45%,57%,43%,55%,45%
"Tulsa, OK Metro Area",65%,35%,82%,18%,57%,43%,44%,56%,51%,49%
"Tupelo, MS Micro Area",72%,28%,86%,14%,65%,35%,53%,47%,60%,40%
"Tuscaloosa, AL Metro Area",65%,35%,85%,15%,60%,41%,49%,51%,47%,53%
"Twin Falls, ID Metro Area",69%,31%,82%,19%,56%,44%,54%,46%,54%,47%
"Tyler, TX Metro Area",67%,33%,81%,19%,58%,42%,48%,52%,52%,48%
"Ukiah, CA Micro Area",60%,40%,72%,28%,43%,58%,41%,59%,57%,43%
"Union, SC Micro Area",67%,33%,83%,18%,48%,53%,43%,57%,61%,40%
"Union City, TN Micro Area",64%,36%,83%,17%,26%,74%,44%,57%,52%,48%
"Urbana, OH Micro Area",73%,27%,86%,14%,68%,32%,46%,54%,62%,39%
"Urban Honolulu, HI Metro Area",58%,43%,65%,35%,58%,42%,55%,45%,46%,54%
"Utica-Rome, NY Metro Area",70%,30%,87%,13%,64%,36%,52%,48%,56%,44%
"Uvalde, TX Micro Area",69%,31%,87%,13%,51%,50%,50%,50%,57%,43%
"Valdosta, GA Metro Area",56%,44%,73%,27%,49%,51%,37%,63%,44%,56%
"Vallejo, CA Metro Area",62%,38%,74%,26%,51%,49%,43%,57%,52%,48%
"Van Wert, OH Micro Area",78%,22%,90%,10%,53%,48%,55%,45%,68%,32%
"Vermillion, SD Micro Area",54%,46%,84%,16%,37%,63%,34%,66%,33%,67%
"Vernal, UT Micro Area",77%,23%,86%,14%,47%,53%,58%,42%,68%,32%
"Vernon, TX Micro Area",59%,41%,68%,32%,91%,9%,41%,59%,54%,47%
"Vicksburg, MS Micro Area",66%,34%,87%,13%,54%,46%,42%,58%,56%,44%
"Victoria, TX Metro Area",68%,32%,83%,17%,51%,50%,50%,50%,56%,44%
"Vidalia, GA Micro Area",66%,34%,81%,19%,54%,46%,41%,59%,56%,44%
"Vincennes, IN Micro Area",63%,37%,81%,19%,42%,58%,36%,65%,51%,49%
"Vineland-Bridgeton, NJ Metro Area",66%,34%,85%,15%,49%,51%,46%,54%,57%,43%
"Vineyard Haven, MA Micro Area",73%,28%,83%,17%,73%,27%,55%,45%,64%,36%
"Virginia Beach-Norfolk-Newport News, VA-NC Metro Area",62%,38%,79%,21%,53%,48%,42%,59%,50%,51%
"Visalia, CA Metro Area",57%,43%,67%,33%,45%,55%,38%,62%,53%,48%
"Wabash, IN Micro Area",76%,24%,89%,12%,63%,37%,60%,40%,62%,38%
"Waco, TX Metro Area",60%,40%,79%,21%,56%,44%,46%,54%,42%,58%
"Wahpeton, ND-MN Micro Area",73%,27%,93%,7%,56%,44%,56%,44%,54%,46%
"Walla Walla, WA Metro Area",64%,36%,81%,19%,49%,51%,53%,47%,44%,57%
"Wapakoneta, OH Micro Area",76%,24%,89%,11%,59%,41%,48%,52%,63%,37%
"Warner Robins, GA Metro Area",66%,34%,82%,18%,51%,49%,44%,57%,53%,47%
"Warren, PA Micro Area",78%,22%,91%,9%,66%,34%,68%,32%,62%,38%
"Warrensburg, MO Micro Area",62%,38%,78%,22%,57%,43%,44%,56%,46%,54%
"Warsaw, IN Micro Area",75%,25%,88%,12%,56%,44%,54%,46%,63%,37%
"Washington, IN Micro Area",70%,30%,89%,11%,74%,26%,39%,61%,45%,56%
"Washington, NC Micro Area",72%,28%,87%,13%,60%,40%,52%,48%,61%,39%
"Washington-Arlington-Alexandria, DC-VA-MD-WV Metro Area",64%,36%,79%,21%,55%,45%,51%,49%,48%,52%
"Washington Court House, OH Micro Area",65%,35%,80%,21%,55%,45%,44%,56%,54%,46%
"Waterloo-Cedar Falls, IA Metro Area",69%,31%,88%,12%,55%,45%,47%,53%,53%,47%
"Watertown, SD Micro Area",68%,32%,88%,12%,74%,26%,40%,60%,47%,53%
"Watertown-Fort Atkinson, WI Micro Area",71%,29%,86%,15%,51%,49%,46%,55%,58%,42%
"Watertown-Fort Drum, NY Metro Area",56%,44%,68%,33%,57%,44%,40%,60%,43%,57%
"Wauchula, FL Micro Area",67%,33%,75%,25%,58%,42%,48%,52%,62%,38%
"Wausau-Weston, WI Metro Area",72%,28%,88%,13%,59%,41%,54%,46%,55%,45%
"Waycross, GA Micro Area",68%,32%,88%,12%,75%,26%,43%,58%,54%,46%
"Weatherford, OK Micro Area",64%,36%,84%,16%,41%,59%,47%,53%,48%,52%
"Weirton-Steubenville, WV-OH Metro Area",71%,29%,88%,12%,73%,27%,48%,52%,58%,42%
"Wenatchee, WA Metro Area",65%,35%,79%,22%,50%,51%,48%,52%,51%,49%
"West Plains, MO Micro Area",68%,32%,82%,18%,48%,52%,56%,44%,52%,48%
"West Point, MS Micro Area",70%,30%,87%,13%,87%,13%,39%,61%,64%,36%
"Wheeling, WV-OH Metro Area",75%,26%,89%,11%,68%,32%,60%,40%,61%,39%
"Whitewater, WI Micro Area",69%,31%,84%,16%,63%,38%,53%,47%,51%,49%
"Wichita, KS Metro Area",64%,36%,83%,18%,57%,44%,44%,56%,47%,53%
"Wichita Falls, TX Metro Area",64%,36%,80%,20%,63%,37%,44%,57%,50%,50%
"Williamsport, PA Metro Area",69%,31%,87%,13%,53%,47%,43%,58%,53%,47%
"Williston, ND Micro Area",53%,47%,65%,35%,45%,55%,67%,33%,39%,61%
"Willmar, MN Micro Area",74%,26%,87%,13%,77%,23%,51%,49%,58%,42%
"Wilmington, NC Metro Area",63%,37%,82%,18%,49%,51%,48%,52%,46%,54%
"Wilmington, OH Micro Area",67%,33%,80%,20%,56%,44%,44%,56%,56%,44%
"Wilson, NC Micro Area",60%,40%,79%,22%,42%,58%,37%,63%,51%,49%
"Winchester, VA-WV Metro Area",71%,29%,84%,16%,63%,37%,58%,42%,57%,43%
"Winfield, KS Micro Area",68%,32%,84%,16%,66%,34%,49%,51%,55%,45%
"Winnemucca, NV Micro Area",69%,31%,86%,14%,43%,57%,40%,60%,52%,48%
"Winona, MN Micro Area",72%,28%,95%,6%,68%,32%,63%,37%,49%,51%
"Winston-Salem, NC Metro Area",68%,32%,83%,17%,60%,40%,46%,54%,55%,45%
"Wisconsin Rapids-Marshfield, WI Micro Area",71%,29%,88%,12%,70%,30%,46%,54%,57%,43%
"Woodward, OK Micro Area",71%,29%,87%,13%,46%,54%,35%,65%,63%,37%
"Wooster, OH Micro Area",74%,26%,88%,12%,58%,42%,55%,45%,58%,42%
"Worcester, MA-CT Metro Area",66%,34%,85%,16%,60%,40%,46%,54%,48%,52%
"Worthington, MN Micro Area",72%,28%,87%,13%,54%,46%,49%,51%,61%,39%
"Yakima, WA Metro Area",62%,38%,77%,23%,49%,51%,43%,57%,49%,51%
"Yankton, SD Micro Area",69%,31%,87%,13%,69%,31%,39%,61%,52%,48%
"Yauco, PR Metro Area",73%,27%,85%,16%,66%,34%,59%,41%,70%,30%
"York-Hanover, PA Metro Area",75%,25%,89%,11%,69%,32%,53%,47%,61%,39%
"Youngstown-Warren-Boardman, OH-PA Metro Area",70%,30%,88%,12%,64%,36%,49%,51%,59%,41%
"Yuba City, CA Metro Area",60%,40%,70%,30%,50%,50%,44%,56%,52%,49%
"Yuma, AZ Metro Area",69%,31%,77%,23%,63%,37%,51%,50%,64%,36%
"Zanesville, OH Micro Area",70%,30%,86%,14%,72%,28%,46%,54%,58%,43%
"Zapata, TX Micro Area",70%,30%,82%,18%,96%,4%,62%,38%,50%,50%
United States,64%,36%,80%,20%,55%,45%,47%,53%,50%,50%
