Region,Total,White ,White Percentage,Black or African American ,Black or African American Percentage,American Indian and Alaska Native ,American Indian and Alaska Native Percentage,Asian ,Asian Percentage,Native Hawaiian and Other Pacific Islander ,Native Hawaiian and Other Pacific Islander Percentage,Some Other Race ,Some Other Race Percentage,two or more races,two or more races Percentage
Alabama,"5,024,279","3,220,452",64%,"1,296,162",26%,"33,625",1%,"76,660",2%,"2,984",0%,"137,443",3%,"256,953",5%
Alaska,"733,391","435,392",59%,"21,898",3%,"111,575",15%,"44,032",6%,"12,698",2%,"18,272",2%,"89,524",12%
Arizona,"7,151,502","4,322,337",60%,"339,150",5%,"319,512",4%,"257,430",4%,"16,397",0%,"899,870",13%,"996,806",14%
Arkansas,"3,011,524","2,114,512",70%,"453,783",15%,"27,177",1%,"51,839",2%,"14,533",0%,"136,105",5%,"213,575",7%
California,"39,538,223","16,296,122",41%,"2,237,044",6%,"631,016",2%,"6,085,947",15%,"157,263",0%,"8,370,596",21%,"5,760,235",15%
Colorado,"5,773,714","4,082,927",71%,"234,828",4%,"74,129",1%,"199,827",3%,"10,287",0%,"464,046",8%,"707,670",12%
Connecticut,"3,605,944","2,395,128",66%,"388,675",11%,"16,051",0%,"172,455",5%,"1,598",0%,"299,133",8%,"332,904",9%
Delaware,"989,948","597,763",60%,"218,899",22%,"5,148",1%,"42,699",4%,412,0%,"48,509",5%,"76,518",8%
District of Columbia,"689,545","273,194",40%,"285,810",41%,"3,193",0%,"33,545",5%,432,0%,"37,294",5%,"56,077",8%
Florida,"21,538,187","12,422,961",58%,"3,246,381",15%,"94,795",0%,"643,682",3%,"14,014",0%,"1,564,282",7%,"3,552,072",16%
Georgia,"10,711,908","5,555,483",52%,"3,320,513",31%,"50,618",0%,"479,028",4%,"7,299",0%,"555,059",5%,"743,908",7%
Hawaii,"1,455,271","333,261",23%,"23,417",2%,"4,370",0%,"541,902",37%,"157,445",11%,"26,747",2%,"368,129",25%
Idaho,"1,839,106","1,510,360",82%,"15,726",1%,"25,621",1%,"26,836",1%,"3,726",0%,"103,632",6%,"153,205",8%
Illinois,"12,812,508","7,868,227",61%,"1,808,271",14%,"96,498",1%,"754,878",6%,"4,501",0%,"1,135,149",9%,"1,144,984",9%
Indiana,"6,785,528","5,241,795",77%,"648,513",10%,"26,086",0%,"167,959",2%,"3,137",0%,"261,312",4%,"436,726",6%
Iowa,"3,190,369","2,694,521",84%,"131,972",4%,"14,486",0%,"75,629",2%,"5,758",0%,"88,720",3%,"179,283",6%
Kansas,"2,937,880","2,222,462",76%,"168,809",6%,"30,995",1%,"86,273",3%,"3,412",0%,"145,422",5%,"280,507",10%
Kentucky,"4,505,836","3,711,254",82%,"362,417",8%,"12,801",0%,"74,426",2%,"3,681",0%,"96,417",2%,"244,840",5%
Louisiana,"4,657,757","2,657,652",57%,"1,464,023",31%,"31,657",1%,"86,438",2%,"1,911",0%,"142,699",3%,"273,377",6%
Maine,"1,362,359","1,237,041",91%,"25,752",2%,"7,885",1%,"16,798",1%,443,0%,"9,730",1%,"64,710",5%
Maryland,"6,177,224","3,007,874",49%,"1,820,472",29%,"31,845",1%,"420,944",7%,"3,247",0%,"410,941",7%,"481,901",8%
Massachusetts,"7,029,917","4,896,037",70%,"494,029",7%,"24,018",0%,"507,934",7%,"2,301",0%,"496,731",7%,"608,867",9%
Michigan,"10,077,331","7,444,974",74%,"1,376,579",14%,"61,261",1%,"334,300",3%,"3,051",0%,"221,851",2%,"635,315",6%
Minnesota,"5,706,494","4,423,146",78%,"398,434",7%,"68,641",1%,"299,190",5%,"2,918",0%,"168,444",3%,"345,721",6%
Mississippi,"2,961,279","1,658,893",56%,"1,084,481",37%,"16,450",1%,"32,709",1%,"1,154",0%,"56,860",2%,"110,732",4%
Missouri,"6,154,913","4,740,335",77%,"699,840",11%,"30,518",0%,"133,377",2%,"9,730",0%,"127,942",2%,"413,171",7%
Montana,"1,084,225","916,524",85%,"5,484",1%,"67,612",6%,"8,300",1%,941,0%,"14,089",1%,"71,275",7%
Nebraska,"1,961,504","1,538,052",78%,"96,535",5%,"23,102",1%,"52,951",3%,"1,534",0%,"105,167",5%,"144,163",7%
Nevada,"3,104,614","1,588,463",51%,"304,739",10%,"43,932",1%,"272,703",9%,"25,011",1%,"435,757",14%,"434,009",14%
New Hampshire,"1,377,529","1,216,203",88%,"20,127",1%,"3,031",0%,"35,871",3%,453,0%,"24,102",2%,"77,742",6%
New Jersey,"9,288,994","5,112,280",55%,"1,219,770",13%,"51,186",1%,"950,090",10%,"3,533",0%,"1,048,641",11%,"903,494",10%
New Mexico,"2,117,522","1,078,937",51%,"45,904",2%,"212,241",10%,"37,469",2%,"2,093",0%,"318,632",15%,"422,246",20%
New York,"20,201,249","11,143,349",55%,"2,986,172",15%,"149,690",1%,"1,933,127",10%,"10,815",0%,"2,210,633",11%,"1,767,463",9%
North Carolina,"10,439,388","6,488,459",62%,"2,140,217",21%,"130,032",1%,"343,051",3%,"8,518",0%,"617,390",6%,"711,721",7%
North Dakota,"779,094","645,938",83%,"26,783",3%,"38,914",5%,"13,213",2%,924,0%,"11,382",1%,"41,940",5%
Ohio,"11,799,448","9,080,688",77%,"1,478,781",13%,"30,720",0%,"298,509",3%,"5,034",0%,"224,344",2%,"681,372",6%
Oklahoma,"3,959,353","2,514,885",64%,"289,961",7%,"332,791",8%,"90,949",2%,"8,608",0%,"214,001",5%,"508,158",13%
Oregon,"4,237,256","3,169,096",75%,"82,655",2%,"62,993",1%,"194,538",5%,"19,204",0%,"265,431",6%,"443,339",10%
Pennsylvania,"13,002,700","9,750,687",75%,"1,423,169",11%,"31,052",0%,"510,501",4%,"4,276",0%,"508,531",4%,"774,484",6%
Rhode Island,"1,097,379","782,920",71%,"62,168",6%,"7,385",1%,"38,961",4%,536,0%,"103,615",9%,"101,794",9%
South Carolina,"5,118,425","3,243,442",63%,"1,280,531",25%,"24,303",0%,"90,466",2%,"3,431",0%,"177,876",3%,"298,376",6%
South Dakota,"886,667","715,336",81%,"17,842",2%,"77,748",9%,"13,476",2%,543,0%,"15,057",2%,"46,665",5%
Tennessee,"6,910,840","4,990,938",72%,"1,092,948",16%,"28,044",0%,"135,615",2%,"4,115",0%,"246,282",4%,"412,898",6%
Texas,"29,145,505","14,609,365",50%,"3,552,997",12%,"278,948",1%,"1,585,480",5%,"33,611",0%,"3,951,366",14%,"5,133,738",18%
Utah,"3,271,616","2,573,413",79%,"40,058",1%,"41,644",1%,"80,438",2%,"36,930",1%,"220,120",7%,"279,013",9%
Vermont,"643,077","577,751",90%,"9,034",1%,"2,289",0%,"11,549",2%,181,0%,"5,247",1%,"37,026",6%
Virginia,"8,631,393","5,208,856",60%,"1,607,581",19%,"40,007",0%,"615,436",7%,"7,156",0%,"446,650",5%,"705,707",8%
Washington,"7,705,281","5,130,920",67%,"307,565",4%,"121,468",2%,"730,596",9%,"64,933",1%,"513,140",7%,"836,659",11%
West Virginia,"1,793,716","1,610,749",90%,"65,813",4%,"3,706",0%,"15,109",1%,476,0%,"12,919",1%,"84,944",5%
Wisconsin,"5,893,718","4,737,545",80%,"376,256",6%,"60,428",1%,"175,702",3%,"2,199",0%,"182,054",3%,"359,534",6%
Wyoming,"576,851","488,374",85%,"5,232",1%,"13,898",2%,"5,212",1%,579,0%,"20,083",3%,"43,473",8%
Puerto Rico,"3,285,874","560,592",17%,"228,711",7%,"17,870",1%,"4,001",0%,593,0%,"838,316",26%,"1,635,791",50%
"Aberdeen, SD","42,287","36,898",87%,578,1%,"1,237",3%,945,2%,45,0%,725,2%,"1,859",4%
"Aberdeen, WA","75,636","59,052",78%,"1,026",1%,"3,876",5%,"1,050",1%,134,0%,"3,668",5%,"6,830",9%
"Abilene, TX","176,579","124,281",70%,"13,928",8%,"1,462",1%,"3,091",2%,203,0%,"13,988",8%,"19,626",11%
"Ada, OK","38,065","23,271",61%,884,2%,"7,171",19%,373,1%,13,0%,774,2%,"5,579",15%
"Adrian, MI","99,423","86,549",87%,"2,614",3%,504,1%,497,0%,17,0%,"2,224",2%,"7,018",7%
"Aguadilla-Isabela, PR","310,160","61,522",20%,"11,156",4%,"1,230",0%,212,0%,39,0%,"72,914",24%,"163,087",53%
"Akron, OH","702,219","540,596",77%,"87,763",12%,"1,327",0%,"26,046",4%,206,0%,"6,659",1%,"39,622",6%
"Alamogordo, NM","67,839","38,167",56%,"2,662",4%,"4,981",7%,"1,056",2%,183,0%,"8,371",12%,"12,419",18%
"Albany, GA","148,922","61,727",41%,"78,201",53%,317,0%,"1,677",1%,55,0%,"2,002",1%,"4,943",3%
"Albany-Lebanon, OR","128,610","107,700",84%,681,1%,"1,727",1%,"1,477",1%,295,0%,"4,716",4%,"12,014",9%
"Albany-Schenectady-Troy, NY","899,262","683,207",76%,"77,752",9%,"2,932",0%,"46,308",5%,424,0%,"23,305",3%,"65,334",7%
"Albemarle, NC","62,504","49,149",79%,"7,079",11%,275,0%,"1,145",2%,9,0%,"1,881",3%,"2,966",5%
"Albert Lea, MN","30,895","25,988",84%,486,2%,136,0%,"1,148",4%,5,0%,"1,275",4%,"1,857",6%
"Albertville, AL","97,612","76,926",79%,"2,428",2%,"1,398",1%,602,1%,137,0%,"9,587",10%,"6,534",7%
"Albuquerque, NM","916,528","483,912",53%,"25,777",3%,"60,151",7%,"23,298",3%,"1,128",0%,"133,032",15%,"189,230",21%
"Alexander City, AL","51,698","35,301",68%,"13,417",26%,158,0%,230,0%,0,0%,839,2%,"1,753",3%
"Alexandria, LA","152,192","95,219",63%,"43,592",29%,"1,232",1%,"1,895",1%,41,0%,"2,388",2%,"7,825",5%
"Alexandria, MN","39,006","36,887",95%,235,1%,129,0%,228,1%,11,0%,285,1%,"1,231",3%
"Alice, TX","48,722","27,181",56%,425,1%,316,1%,203,0%,16,0%,"6,203",13%,"14,378",30%
"Allentown-Bethlehem-Easton, PA-NJ","861,889","628,386",73%,"54,138",6%,"2,711",0%,"27,246",3%,319,0%,"73,524",9%,"75,565",9%
"Alma, MI","41,761","36,008",86%,"2,238",5%,198,0%,164,0%,31,0%,"1,153",3%,"1,969",5%
"Alpena, MI","28,907","27,177",94%,99,0%,122,0%,119,0%,12,0%,127,0%,"1,251",4%
"Altoona, PA","122,822","113,618",93%,"2,533",2%,164,0%,878,1%,13,0%,780,1%,"4,836",4%
"Altus, OK","24,785","16,532",67%,"1,726",7%,535,2%,344,1%,77,0%,"2,395",10%,"3,176",13%
"Amarillo, TX","268,691","175,702",65%,"17,621",7%,"2,741",1%,"8,952",3%,109,0%,"25,865",10%,"37,701",14%
"Americus, GA","34,163","15,208",45%,"15,997",47%,85,0%,524,2%,13,0%,"1,259",4%,"1,077",3%
"Ames, IA","125,252","105,989",85%,"3,320",3%,389,0%,"5,561",4%,37,0%,"2,889",2%,"7,067",6%
"Amsterdam, NY","49,532","40,209",81%,"1,267",3%,159,0%,489,1%,20,0%,"2,935",6%,"4,453",9%
"Anchorage, AK","398,328","247,481",62%,"15,697",4%,"30,505",8%,"29,205",7%,"10,507",3%,"11,832",3%,"53,101",13%
"Andrews, TX","18,610","10,909",59%,237,1%,220,1%,112,1%,0,0%,"3,278",18%,"3,854",21%
"Angola, IN","34,435","31,842",92%,234,1%,105,0%,187,1%,2,0%,698,2%,"1,367",4%
"Ann Arbor, MI","372,258","257,688",69%,"42,819",12%,"1,190",0%,"33,632",9%,201,0%,"7,429",2%,"29,299",8%
"Anniston-Oxford, AL","116,441","80,586",69%,"25,559",22%,487,0%,"1,190",1%,119,0%,"2,471",2%,"6,029",5%
"Appleton, WI","243,147","210,508",87%,"3,497",1%,"3,395",1%,"7,895",3%,154,0%,"5,236",2%,"12,462",5%
"Arcadia, FL","33,976","21,320",63%,"4,270",13%,177,1%,192,1%,8,0%,"4,053",12%,"3,956",12%
"Ardmore, OK","58,149","39,327",68%,"3,070",5%,"5,079",9%,660,1%,51,0%,"2,928",5%,"7,034",12%
"Arecibo, PR","182,705","38,264",21%,"7,478",4%,749,0%,116,0%,20,0%,"39,552",22%,"96,526",53%
"Arkadelphia, AR","21,446","14,316",67%,"5,127",24%,96,0%,153,1%,18,0%,623,3%,"1,113",5%
"Asheville, NC","469,015","388,831",83%,"19,577",4%,"2,242",0%,"5,126",1%,"1,129",0%,"21,198",5%,"30,912",7%
"Ashland, OH","52,447","49,249",94%,394,1%,114,0%,322,1%,33,0%,285,1%,"2,050",4%
"Ashtabula, OH","97,574","85,486",88%,"3,606",4%,203,0%,349,0%,18,0%,"1,659",2%,"6,253",6%
"Astoria, OR","41,072","34,525",84%,226,1%,431,1%,564,1%,104,0%,"1,627",4%,"3,595",9%
"Atchison, KS","16,348","14,111",86%,788,5%,88,1%,83,1%,7,0%,269,2%,"1,002",6%
"Athens, OH","62,431","54,513",87%,"2,894",5%,247,0%,"1,223",2%,2,0%,630,1%,"2,922",5%
"Athens, TN","53,276","46,564",87%,"1,870",4%,182,0%,430,1%,22,0%,915,2%,"3,293",6%
"Athens, TX","82,150","64,501",79%,"4,790",6%,675,1%,526,1%,31,0%,"4,794",6%,"6,833",8%
"Athens-Clarke County, GA","215,415","144,424",67%,"38,610",18%,792,0%,"7,699",4%,98,0%,"10,158",5%,"13,634",6%
"Atlanta-Sandy Springs-Alpharetta, GA","6,089,815","2,773,249",46%,"2,048,212",34%,"30,425",0%,"399,211",7%,"3,031",0%,"365,514",6%,"470,173",8%
"Atlantic City-Hammonton, NJ","274,534","156,796",57%,"41,519",15%,"1,253",0%,"21,784",8%,342,0%,"27,192",10%,"25,648",9%
"Atmore, AL","36,757","22,202",60%,"10,991",30%,"1,539",4%,114,0%,22,0%,278,1%,"1,611",4%
"Auburn, IN","43,265","40,666",94%,190,0%,95,0%,228,1%,39,0%,361,1%,"1,686",4%
"Auburn, NY","76,248","67,017",88%,"2,910",4%,310,0%,385,1%,54,0%,"1,033",1%,"4,539",6%
"Auburn-Opelika, AL","174,241","111,651",64%,"39,570",23%,720,0%,"8,572",5%,120,0%,"4,392",3%,"9,216",5%
"Augusta-Richmond County, GA-SC","611,000","327,360",54%,"212,570",35%,"2,132",0%,"13,300",2%,894,0%,"15,837",3%,"38,907",6%
"Augusta-Waterville, ME","123,642","113,639",92%,919,1%,511,0%,"1,227",1%,29,0%,850,1%,"6,467",5%
"Austin, MN","40,029","30,804",77%,"1,638",4%,189,0%,"2,072",5%,255,1%,"2,524",6%,"2,547",6%
"Austin-Round Rock-Georgetown, TX","2,283,371","1,309,166",57%,"160,079",7%,"20,993",1%,"161,760",7%,"2,044",0%,"253,284",11%,"376,045",16%
"Bainbridge, GA","29,367","14,558",50%,"12,241",42%,109,0%,186,1%,16,0%,"1,198",4%,"1,059",4%
"Bakersfield, CA","909,235","371,734",41%,"50,130",6%,"18,163",2%,"46,777",5%,"1,508",0%,"274,153",30%,"146,770",16%
"Baltimore-Columbia-Towson, MD","2,844,510","1,533,152",54%,"811,018",29%,"10,647",0%,"180,507",6%,"1,333",0%,"113,345",4%,"194,508",7%
"Bangor, ME","152,199","139,311",92%,"1,507",1%,"1,431",1%,"1,865",1%,46,0%,901,1%,"7,138",5%
"Baraboo, WI","65,763","58,602",89%,622,1%,863,1%,398,1%,18,0%,"2,012",3%,"3,248",5%
"Bardstown, KY","46,738","41,500",89%,"2,200",5%,95,0%,268,1%,8,0%,462,1%,"2,205",5%
"Barnstable Town, MA","228,996","196,459",86%,"6,603",3%,"1,224",1%,"3,223",1%,81,0%,"5,524",2%,"15,882",7%
"Barre, VT","59,807","54,149",91%,651,1%,153,0%,633,1%,26,0%,501,1%,"3,694",6%
"Bartlesville, OK","52,455","36,126",69%,"1,354",3%,"5,409",10%,980,2%,12,0%,"1,222",2%,"7,352",14%
"Batavia, NY","58,388","51,541",88%,"1,441",2%,419,1%,416,1%,17,0%,"1,421",2%,"3,133",5%
"Batesville, AR","55,209","47,984",87%,967,2%,369,1%,405,1%,53,0%,"2,070",4%,"3,361",6%
"Baton Rouge, LA","870,569","476,248",55%,"302,477",35%,"2,770",0%,"17,899",2%,240,0%,"26,224",3%,"44,711",5%
"Battle Creek, MI","134,310","102,712",76%,"14,513",11%,879,1%,"3,742",3%,35,0%,"2,841",2%,"9,588",7%
"Bay City, MI","103,856","93,305",90%,"1,705",2%,463,0%,538,1%,5,0%,"1,349",1%,"6,491",6%
"Bay City, TX","36,255","19,753",54%,"3,900",11%,318,1%,720,2%,7,0%,"5,928",16%,"5,629",16%
"Beatrice, NE","21,704","20,298",94%,140,1%,100,0%,99,0%,2,0%,188,1%,877,4%
"Beaumont-Port Arthur, TX","397,565","223,852",56%,"95,988",24%,"2,505",1%,"11,604",3%,166,0%,"32,160",8%,"31,290",8%
"Beaver Dam, WI","89,396","79,395",89%,"2,766",3%,438,0%,517,1%,11,0%,"2,179",2%,"4,090",5%
"Beckley, WV","115,079","100,508",87%,"7,527",7%,240,0%,936,1%,18,0%,615,1%,"5,235",5%
"Bedford, IN","45,011","42,528",94%,204,0%,155,0%,208,0%,11,0%,241,1%,"1,664",4%
"Beeville, TX","31,047","15,347",49%,"2,395",8%,212,1%,221,1%,4,0%,"7,160",23%,"5,708",18%
"Bellefontaine, OH","46,150","42,049",91%,677,1%,99,0%,327,1%,14,0%,451,1%,"2,533",5%
"Bellingham, WA","226,847","175,946",78%,"2,347",1%,"6,277",3%,"10,127",4%,725,0%,"9,692",4%,"21,733",10%
"Bemidji, MN","46,228","32,794",71%,543,1%,"9,418",20%,280,1%,18,0%,272,1%,"2,903",6%
"Bend, OR","198,253","169,137",85%,887,0%,"1,563",1%,"2,481",1%,272,0%,"6,653",3%,"17,260",9%
"Bennettsville, SC","26,667","10,839",41%,"13,391",50%,"1,139",4%,99,0%,7,0%,151,1%,"1,041",4%
"Bennington, VT","37,347","34,183",92%,430,1%,70,0%,406,1%,5,0%,323,1%,"1,930",5%
"Berlin, NH","31,268","28,946",93%,526,2%,93,0%,202,1%,3,0%,155,0%,"1,343",4%
"Big Rapids, MI","39,714","35,916",90%,794,2%,225,1%,320,1%,17,0%,303,1%,"2,139",5%
"Big Spring, TX","34,860","23,664",68%,"1,721",5%,404,1%,407,1%,24,0%,"3,770",11%,"4,870",14%
"Big Stone Gap, VA","39,817","36,031",90%,"1,982",5%,63,0%,180,0%,12,0%,219,1%,"1,330",3%
"Billings, MT","184,167","157,901",86%,"1,348",1%,"7,426",4%,"1,366",1%,232,0%,"2,999",2%,"12,895",7%
"Binghamton, NY","247,138","203,231",82%,"13,136",5%,631,0%,"9,751",4%,102,0%,"4,374",2%,"15,913",6%
"Birmingham-Hoover, AL","1,115,289","673,269",60%,"328,242",29%,"4,508",0%,"19,315",2%,520,0%,"35,833",3%,"53,602",5%
"Bismarck, ND","133,626","116,055",87%,"2,752",2%,"5,604",4%,"1,234",1%,360,0%,"1,635",1%,"5,986",4%
"Blackfoot, ID","47,992","36,630",76%,126,0%,"3,340",7%,200,0%,39,0%,"4,172",9%,"3,485",7%
"Blacksburg-Christiansburg, VA","166,378","137,415",83%,"8,249",5%,350,0%,"8,819",5%,61,0%,"2,520",2%,"8,964",5%
"Bloomington, IL","170,954","132,148",77%,"14,996",9%,483,0%,"8,142",5%,62,0%,"4,314",3%,"10,809",6%
"Bloomington, IN","161,039","134,397",83%,"5,228",3%,399,0%,"8,438",5%,46,0%,"2,274",1%,"10,257",6%
"Bloomsburg-Berwick, PA","82,863","75,797",91%,"1,243",2%,137,0%,"1,427",2%,20,0%,"1,001",1%,"3,238",4%
"Bluefield, WV-VA","106,363","95,956",90%,"4,856",5%,235,0%,517,0%,22,0%,466,0%,"4,311",4%
"Bluffton, IN","28,180","26,322",93%,225,1%,71,0%,130,0%,5,0%,314,1%,"1,113",4%
"Blytheville, AR","40,685","23,208",57%,"14,323",35%,99,0%,245,1%,8,0%,"1,025",3%,"1,777",4%
"Bogalusa, LA","45,463","29,943",66%,"12,858",28%,143,0%,164,0%,0,0%,556,1%,"1,799",4%
"Boise City, ID","764,718","611,808",80%,"9,773",1%,"6,586",1%,"16,229",2%,"2,061",0%,"44,987",6%,"73,274",10%
"Bonham, TX","35,662","28,249",79%,"2,217",6%,417,1%,152,0%,25,0%,"1,989",6%,"2,613",7%
"Boone, NC","54,086","45,726",85%,"2,149",4%,131,0%,945,2%,19,0%,"2,161",4%,"2,955",5%
"Borger, TX","20,617","15,269",74%,469,2%,391,2%,111,1%,2,0%,"2,056",10%,"2,319",11%
"Boston-Cambridge-Newton, MA-NH","4,941,632","3,378,922",68%,"364,054",7%,"14,862",0%,"428,527",9%,"1,544",0%,"340,319",7%,"413,404",8%
"Boulder, CO","330,758","255,983",77%,"3,393",1%,"2,509",1%,"16,450",5%,274,0%,"19,148",6%,"33,001",10%
"Bowling Green, KY","179,639","141,598",79%,"13,250",7%,595,0%,"7,429",4%,699,0%,"5,858",3%,"10,210",6%
"Bozeman, MT","118,960","105,886",89%,526,0%,"1,043",1%,"1,413",1%,99,0%,"2,184",2%,"7,809",7%
"Bradford, PA","40,432","37,273",92%,867,2%,110,0%,199,0%,2,0%,176,0%,"1,805",4%
"Brainerd, MN","96,189","86,387",90%,492,1%,"4,175",4%,443,0%,19,0%,549,1%,"4,124",4%
"Branson, MO","56,066","47,719",85%,851,2%,487,1%,617,1%,197,0%,"1,929",3%,"4,266",8%
"Breckenridge, CO","31,055","24,751",80%,247,1%,253,1%,418,1%,32,0%,"2,728",9%,"2,626",8%
"Bremerton-Silverdale-Port Orchard, WA","275,611","206,398",75%,"7,835",3%,"4,306",2%,"14,412",5%,"2,969",1%,"8,057",3%,"31,634",11%
"Brenham, TX","35,805","23,299",65%,"5,626",16%,154,0%,564,2%,18,0%,"2,238",6%,"3,906",11%
"Brevard, NC","32,986","28,957",88%,"1,037",3%,125,0%,173,1%,22,0%,848,3%,"1,824",6%
"Bridgeport-Stamford-Norwalk, CT","957,419","584,184",61%,"106,756",11%,"4,369",0%,"51,341",5%,347,0%,"107,587",11%,"102,835",11%
"Brookhaven, MS","34,907","23,091",66%,"10,542",30%,79,0%,164,0%,9,0%,188,1%,834,2%
"Brookings, OR","23,446","19,925",85%,84,0%,541,2%,214,1%,25,0%,542,2%,"2,115",9%
"Brookings, SD","34,375","30,291",88%,637,2%,414,1%,917,3%,13,0%,646,2%,"1,457",4%
"Brownsville, TN","17,864","7,695",43%,"9,032",51%,59,0%,26,0%,9,0%,524,3%,519,3%
"Brownsville-Harlingen, TX","421,017","162,707",39%,"2,076",0%,"2,883",1%,"2,806",1%,149,0%,"80,133",19%,"170,263",40%
"Brownwood, TX","38,095","29,326",77%,"1,462",4%,232,1%,274,1%,27,0%,"2,801",7%,"3,973",10%
"Brunswick, GA","113,495","77,801",69%,"24,436",22%,467,0%,"1,274",1%,124,0%,"3,285",3%,"6,108",5%
"Bucyrus-Galion, OH","42,025","39,652",94%,319,1%,40,0%,137,0%,12,0%,181,0%,"1,684",4%
"Buffalo-Cheektowaga, NY","1,166,902","869,384",75%,"151,535",13%,"8,022",1%,"48,843",4%,327,0%,"24,611",2%,"64,180",6%
"Burley, ID","46,268","32,388",70%,107,0%,538,1%,197,0%,50,0%,"8,381",18%,"4,607",10%
"Burlington, IA-IL","45,297","39,256",87%,"2,562",6%,90,0%,420,1%,27,0%,503,1%,"2,439",5%
"Burlington, NC","171,415","105,847",62%,"34,014",20%,"1,427",1%,"2,848",2%,105,0%,"15,439",9%,"11,735",7%
"Burlington-South Burlington, VT","225,562","196,470",87%,"5,299",2%,930,0%,"7,597",3%,69,0%,"1,890",1%,"13,307",6%
"Butte-Silver Bow, MT","35,133","31,800",91%,131,0%,565,2%,219,1%,20,0%,338,1%,"2,060",6%
"Cadillac, MI","48,725","45,210",93%,226,0%,249,1%,232,0%,2,0%,429,1%,"2,377",5%
"Calhoun, GA","57,544","45,135",78%,"2,147",4%,358,1%,722,1%,21,0%,"4,577",8%,"4,584",8%
"California-Lexington Park, MD","113,777","81,952",72%,"16,294",14%,438,0%,"3,362",3%,90,0%,"2,279",2%,"9,362",8%
"Cambridge, MD","32,531","20,128",62%,"9,140",28%,132,0%,355,1%,9,0%,958,3%,"1,809",6%
"Cambridge, OH","38,438","35,898",93%,535,1%,94,0%,154,0%,8,0%,184,0%,"1,565",4%
"Camden, AR","27,389","15,733",57%,"9,812",36%,81,0%,132,0%,12,0%,279,1%,"1,340",5%
"Campbellsville, KY","37,130","33,385",90%,"1,415",4%,52,0%,277,1%,12,0%,474,1%,"1,515",4%
"Cañon City, CO","48,939","39,965",82%,"1,848",4%,850,2%,338,1%,30,0%,"2,515",5%,"3,393",7%
"Canton-Massillon, OH","401,574","338,663",84%,"29,240",7%,"1,225",0%,"3,252",1%,123,0%,"4,195",1%,"24,876",6%
"Cape Coral-Fort Myers, FL","760,822","530,637",70%,"58,916",8%,"3,828",1%,"13,090",2%,312,0%,"56,861",7%,"97,178",13%
"Cape Girardeau, MO-IL","97,517","81,180",83%,"8,159",8%,284,0%,"1,343",1%,18,0%,"1,013",1%,"5,520",6%
"Carbondale-Marion, IL","133,435","108,046",81%,"11,899",9%,499,0%,"2,852",2%,44,0%,"2,408",2%,"7,687",6%
"Carlsbad-Artesia, NM","62,314","36,266",58%,977,2%,922,1%,597,1%,61,0%,"11,825",19%,"11,666",19%
"Carroll, IA","20,760","19,543",94%,262,1%,32,0%,75,0%,0,0%,254,1%,594,3%
"Carson City, NV","58,639","39,852",68%,"1,142",2%,"1,459",2%,"1,416",2%,135,0%,"7,093",12%,"7,542",13%
"Casper, WY","79,955","69,319",87%,791,1%,"1,053",1%,649,1%,92,0%,"2,085",3%,"5,966",7%
"Cedar City, UT","57,289","49,237",86%,408,1%,"1,091",2%,641,1%,244,0%,"2,121",4%,"3,547",6%
"Cedar Rapids, IA","276,520","234,146",85%,"17,004",6%,636,0%,"5,516",2%,532,0%,"3,331",1%,"15,355",6%
"Cedartown, GA","42,853","31,249",73%,"5,212",12%,325,1%,240,1%,26,0%,"3,355",8%,"2,446",6%
"Celina, OH","42,528","40,057",94%,204,0%,82,0%,189,0%,566,1%,339,1%,"1,091",3%
"Central City, KY","30,928","28,366",92%,"1,215",4%,65,0%,59,0%,3,0%,222,1%,998,3%
"Centralia, IL","37,729","33,440",89%,"1,514",4%,116,0%,349,1%,4,0%,243,1%,"2,063",5%
"Centralia, WA","82,149","67,825",83%,564,1%,"1,190",1%,824,1%,158,0%,"4,223",5%,"7,365",9%
"Chambersburg-Waynesboro, PA","155,932","134,524",86%,"5,338",3%,488,0%,"1,442",1%,52,0%,"5,155",3%,"8,933",6%
"Champaign-Urbana, IL","222,538","144,775",65%,"28,758",13%,807,0%,"24,571",11%,85,0%,"7,843",4%,"15,699",7%
"Charleston, WV","258,859","228,397",88%,"13,890",5%,545,0%,"2,318",1%,55,0%,"1,556",1%,"12,098",5%
"Charleston-Mattoon, IL","57,313","50,822",89%,"2,111",4%,136,0%,646,1%,31,0%,943,2%,"2,624",5%
"Charleston-North Charleston, SC","799,636","511,610",64%,"183,724",23%,"4,127",1%,"16,333",2%,751,0%,"30,937",4%,"52,154",7%
"Charlotte-Concord-Gastonia, NC-SC","2,660,329","1,582,904",60%,"581,927",22%,"14,784",1%,"115,125",4%,"1,350",0%,"171,410",6%,"192,829",7%
"Charlottesville, VA","221,524","161,774",73%,"23,790",11%,618,0%,"13,051",6%,88,0%,"6,831",3%,"15,372",7%
"Chattanooga, TN-GA","562,647","430,180",76%,"70,418",13%,"2,594",0%,"9,899",2%,301,0%,"14,869",3%,"34,386",6%
"Cheyenne, WY","100,512","80,598",80%,"2,472",2%,"1,123",1%,"1,296",1%,172,0%,"4,538",5%,"10,313",10%
"Chicago-Naperville-Elgin, IL-IN-WI","9,618,502","5,197,611",54%,"1,576,952",16%,"87,573",1%,"685,894",7%,"3,424",0%,"1,084,012",11%,"983,036",10%
"Chico, CA","211,632","149,557",71%,"3,644",2%,"4,492",2%,"10,533",5%,573,0%,"18,148",9%,"24,685",12%
"Chillicothe, OH","77,093","68,104",88%,"4,044",5%,212,0%,372,0%,20,0%,397,1%,"3,944",5%
"Cincinnati, OH-KY-IN","2,256,884","1,731,692",77%,"273,322",12%,"6,004",0%,"67,673",3%,"2,041",0%,"47,222",2%,"128,930",6%
"Clarksburg, WV","90,434","83,348",92%,"1,406",2%,194,0%,545,1%,28,0%,460,1%,"4,453",5%
"Clarksdale, MS","21,390","4,312",20%,"16,281",76%,31,0%,116,1%,2,0%,222,1%,426,2%
"Clarksville, TN-KY","320,535","210,826",66%,"61,220",19%,"1,656",1%,"6,279",2%,"1,254",0%,"10,344",3%,"28,956",9%
"Clearlake, CA","68,163","46,858",69%,"1,199",2%,"2,356",3%,"1,004",1%,106,0%,"7,699",11%,"8,941",13%
"Cleveland, MS","30,985","10,111",33%,"19,365",62%,27,0%,262,1%,0,0%,419,1%,801,3%
"Cleveland, TN","126,164","105,985",84%,"5,300",4%,514,0%,"1,232",1%,141,0%,"4,003",3%,"8,989",7%
"Cleveland-Elyria, OH","2,088,251","1,439,216",69%,"410,206",20%,"4,759",0%,"53,852",3%,518,0%,"53,506",3%,"126,194",6%
"Clewiston, FL","39,619","18,446",47%,"4,357",11%,648,2%,350,1%,14,0%,"8,019",20%,"7,785",20%
"Clinton, IA","46,460","41,771",90%,"1,420",3%,142,0%,263,1%,14,0%,506,1%,"2,344",5%
"Clovis, NM","48,430","27,928",58%,"2,900",6%,634,1%,810,2%,37,0%,"8,211",17%,"7,910",16%
"Coamo, PR","34,668","6,938",20%,"2,572",7%,292,1%,24,0%,23,0%,"10,377",30%,"14,442",42%
"Coco, PR","25,789","4,196",16%,"2,523",10%,154,1%,4,0%,0,0%,"8,331",32%,"10,581",41%
"Coeur d'Alene, ID","171,362","152,438",89%,522,0%,"1,925",1%,"1,420",1%,216,0%,"2,318",1%,"12,523",7%
"Coffeyville, KS","31,486","24,297",77%,"1,566",5%,"1,023",3%,201,1%,24,0%,949,3%,"3,426",11%
"Coldwater, MI","44,862","39,595",88%,"1,156",3%,192,0%,270,1%,10,0%,"1,184",3%,"2,455",5%
"College Station-Bryan, TX","268,248","162,860",61%,"29,425",11%,"1,858",1%,"14,941",6%,254,0%,"26,403",10%,"32,507",12%
"Colorado Springs, CO","755,105","538,477",71%,"43,957",6%,"7,701",1%,"22,683",3%,"3,103",0%,"43,472",6%,"95,712",13%
"Columbia, MO","210,864","163,736",78%,"19,566",9%,720,0%,"7,914",4%,134,0%,"3,828",2%,"14,966",7%
"Columbia, SC","829,470","462,165",56%,"269,093",32%,"3,394",0%,"18,725",2%,722,0%,"25,842",3%,"49,529",6%
"Columbus, GA-AL","328,883","150,681",46%,"136,849",42%,"1,265",0%,"7,025",2%,850,0%,"10,419",3%,"21,794",7%
"Columbus, IN","82,208","65,763",80%,"1,826",2%,305,0%,"5,390",7%,49,0%,"3,865",5%,"5,010",6%
"Columbus, MS","58,879","29,775",51%,"25,997",44%,130,0%,534,1%,16,0%,511,1%,"1,916",3%
"Columbus, NE","34,296","26,932",79%,374,1%,306,1%,205,1%,9,0%,"3,680",11%,"2,790",8%
"Columbus, OH","2,138,926","1,499,350",70%,"334,842",16%,"6,312",0%,"105,237",5%,719,0%,"57,101",3%,"135,365",6%
"Concord, NH","153,808","138,454",90%,"2,650",2%,362,0%,"3,026",2%,64,0%,"1,336",1%,"7,916",5%
"Connersville, IN","23,398","22,089",94%,281,1%,34,0%,59,0%,2,0%,134,1%,799,3%
"Cookeville, TN","113,982","100,135",88%,"2,325",2%,811,1%,"1,171",1%,52,0%,"3,485",3%,"6,003",5%
"Coos Bay, OR","64,929","54,930",85%,289,0%,"1,493",2%,747,1%,128,0%,"1,549",2%,"5,793",9%
"Cordele, GA","20,128","10,007",50%,"8,879",44%,35,0%,180,1%,4,0%,377,2%,646,3%
"Corinth, MS","34,740","27,992",81%,"4,337",12%,101,0%,181,1%,19,0%,723,2%,"1,387",4%
"Cornelia, GA","46,031","36,249",79%,"1,749",4%,236,1%,999,2%,36,0%,"3,044",7%,"3,718",8%
"Corning, NY","93,584","84,953",91%,"1,469",2%,234,0%,"1,633",2%,12,0%,665,1%,"4,618",5%
"Corpus Christi, TX","421,933","233,602",55%,"15,504",4%,"3,486",1%,"9,021",2%,468,0%,"52,123",12%,"107,729",26%
"Corsicana, TX","52,624","30,019",57%,"6,425",12%,473,1%,401,1%,734,1%,"7,520",14%,"7,052",13%
"Cortland, NY","46,809","41,250",88%,895,2%,124,0%,"1,028",2%,15,0%,825,2%,"2,672",6%
"Corvallis, OR","95,184","74,612",78%,"1,002",1%,819,1%,"6,428",7%,292,0%,"3,139",3%,"8,892",9%
"Coshocton, OH","36,612","34,730",95%,397,1%,63,0%,104,0%,13,0%,120,0%,"1,185",3%
"Craig, CO","13,292","10,872",82%,77,1%,155,1%,54,0%,2,0%,789,6%,"1,343",10%
"Crawfordsville, IN","37,936","34,268",90%,346,1%,140,0%,244,1%,13,0%,"1,126",3%,"1,799",5%
"Crescent City, CA","27,743","17,193",62%,855,3%,"2,434",9%,840,3%,46,0%,"2,936",11%,"3,439",12%
"Crestview-Fort Walton Beach-Destin, FL","286,973","213,719",74%,"22,999",8%,"1,745",1%,"7,725",3%,535,0%,"10,879",4%,"29,371",10%
"Crossville, TN","61,145","56,870",93%,312,1%,173,0%,367,1%,15,0%,788,1%,"2,620",4%
"Cullman, AL","87,866","79,142",90%,937,1%,408,0%,522,1%,64,0%,"2,136",2%,"4,657",5%
"Cullowhee, NC","57,226","42,064",74%,964,2%,"8,269",14%,566,1%,24,0%,"1,887",3%,"3,452",6%
"Cumberland, MD-WV","95,044","83,111",87%,"6,064",6%,178,0%,859,1%,27,0%,572,1%,"4,233",4%
"Dallas-Fort Worth-Arlington, TX","7,637,387","3,732,436",49%,"1,220,934",16%,"74,011",1%,"606,605",8%,"9,386",0%,"928,751",12%,"1,065,264",14%
"Dalton, GA","142,837","98,495",69%,"4,047",3%,"2,636",2%,"1,561",1%,39,0%,"21,048",15%,"15,011",11%
"Danville, IL","74,188","57,282",77%,"10,421",14%,234,0%,577,1%,10,0%,"1,644",2%,"4,020",5%
"Danville, KY","54,889","48,036",88%,"2,664",5%,101,0%,421,1%,6,0%,802,1%,"2,859",5%
"Danville, VA","103,091","61,934",60%,"34,296",33%,355,0%,806,1%,23,0%,"1,924",2%,"3,753",4%
"Daphne-Fairhope-Foley, AL","231,767","189,399",82%,"18,217",8%,"1,582",1%,"2,067",1%,143,0%,"5,335",2%,"15,024",6%
"Davenport-Moline-Rock Island, IA-IL","384,324","300,374",78%,"31,879",8%,"1,472",0%,"9,181",2%,124,0%,"12,301",3%,"28,993",8%
"Dayton, TN","32,870","28,987",88%,604,2%,183,1%,195,1%,11,0%,"1,126",3%,"1,764",5%
"Dayton-Kettering, OH","814,049","599,845",74%,"127,807",16%,"2,001",0%,"20,029",2%,384,0%,"12,928",2%,"51,055",6%
"Decatur, AL","156,494","114,784",73%,"18,757",12%,"2,398",2%,937,1%,93,0%,"8,412",5%,"11,113",7%
"Decatur, IL","103,998","75,809",73%,"19,047",18%,237,0%,"1,515",1%,36,0%,"1,238",1%,"6,116",6%
"Decatur, IN","35,809","33,670",94%,183,1%,105,0%,137,0%,4,0%,533,1%,"1,177",3%
"Defiance, OH","38,286","33,648",88%,668,2%,145,0%,142,0%,17,0%,"1,358",4%,"2,308",6%
"Del Rio, TX","47,586","21,218",45%,665,1%,337,1%,379,1%,47,0%,"8,323",17%,"16,617",35%
"Deltona-Daytona Beach-Ormond Beach, FL","668,921","487,824",73%,"68,724",10%,"2,470",0%,"13,201",2%,370,0%,"30,966",5%,"65,366",10%
"Deming, NM","25,427","12,797",50%,304,1%,344,1%,175,1%,20,0%,"5,456",21%,"6,331",25%
"Denver-Aurora-Lakewood, CO","2,963,821","1,977,329",67%,"166,100",6%,"35,716",1%,"137,450",5%,"5,247",0%,"261,444",9%,"380,535",13%
"DeRidder, LA","36,549","29,529",81%,"4,111",11%,304,1%,223,1%,32,0%,367,1%,"1,983",5%
"Des Moines-West Des Moines, IA","709,466","566,308",80%,"39,565",6%,"2,768",0%,"30,240",4%,421,0%,"22,807",3%,"47,357",7%
"Detroit-Warren-Dearborn, MI","4,392,041","2,851,199",65%,"961,076",22%,"14,481",0%,"212,234",5%,"1,137",0%,"88,677",2%,"263,237",6%
"Dickinson, ND","34,591","29,835",86%,"1,054",3%,474,1%,362,1%,56,0%,928,3%,"1,882",5%
"Dixon, IL","34,145","29,109",85%,"1,867",5%,88,0%,248,1%,10,0%,935,3%,"1,888",6%
"Dodge City, KS","34,287","17,167",50%,978,3%,753,2%,417,1%,14,0%,"8,409",25%,"6,549",19%
"Dothan, AL","151,007","103,231",68%,"34,897",23%,728,0%,"1,444",1%,74,0%,"2,841",2%,"7,792",5%
"Douglas, GA","51,378","30,717",60%,"13,185",26%,274,1%,314,1%,30,0%,"4,013",8%,"2,845",6%
"Dover, DE","181,851","107,685",59%,"46,998",26%,"1,149",1%,"4,429",2%,125,0%,"5,658",3%,"15,807",9%
"Dublin, GA","65,165","38,088",58%,"23,388",36%,146,0%,548,1%,30,0%,895,1%,"2,070",3%
"DuBois, PA","80,562","75,093",93%,"1,906",2%,82,0%,450,1%,0,0%,543,1%,"2,488",3%
"Dubuque, IA","99,266","88,314",89%,"4,126",4%,261,0%,"1,028",1%,829,1%,"1,074",1%,"3,634",4%
"Duluth, MN-WI","291,638","258,595",89%,"5,345",2%,"7,589",3%,"2,409",1%,97,0%,"1,669",1%,"15,934",5%
"Dumas, TX","21,358","9,445",44%,695,3%,419,2%,"1,014",5%,4,0%,"5,396",25%,"4,385",21%
"Duncan, OK","42,848","33,461",78%,822,2%,"2,183",5%,250,1%,21,0%,"1,337",3%,"4,774",11%
"Durango, CO","55,638","44,366",80%,205,0%,"3,342",6%,397,1%,36,0%,"2,280",4%,"5,012",9%
"Durant, OK","46,067","31,023",67%,744,2%,"6,820",15%,295,1%,14,0%,"1,366",3%,"5,805",13%
"Durham-Chapel Hill, NC","649,903","352,886",54%,"162,744",25%,"4,258",1%,"31,613",5%,263,0%,"51,663",8%,"46,476",7%
"Dyersburg, TN","36,801","28,611",78%,"5,362",15%,92,0%,215,1%,11,0%,710,2%,"1,800",5%
"Eagle Pass, TX","57,887","16,845",29%,181,0%,"1,163",2%,192,0%,18,0%,"14,499",25%,"24,989",43%
"Easton, MD","37,526","28,436",76%,"4,249",11%,146,0%,538,1%,12,0%,"1,906",5%,"2,239",6%
"East Stroudsburg, PA","168,327","110,959",66%,"24,894",15%,680,0%,"4,080",2%,74,0%,"11,540",7%,"16,100",10%
"Eau Claire, WI","172,007","154,142",90%,"2,330",1%,888,1%,"5,376",3%,102,0%,"1,531",1%,"7,638",4%
"Edwards, CO","55,731","39,594",71%,340,1%,497,1%,727,1%,47,0%,"6,608",12%,"7,918",14%
"Effingham, IL","34,668","32,597",94%,155,0%,59,0%,248,1%,6,0%,327,1%,"1,276",4%
"El Campo, TX","41,570","22,903",55%,"5,676",14%,294,1%,193,0%,1,0%,"6,121",15%,"6,382",15%
"El Centro, CA","179,702","47,537",26%,"4,362",2%,"4,266",2%,"3,049",2%,165,0%,"70,528",39%,"49,795",28%
"El Dorado, AR","39,054","23,216",59%,"12,729",33%,150,0%,280,1%,16,0%,"1,045",3%,"1,618",4%
"Elizabeth City, NC","53,573","31,431",59%,"17,193",32%,252,0%,509,1%,40,0%,"1,165",2%,"2,983",6%
"Elizabethtown-Fort Knox, KY","155,572","122,770",79%,"14,189",9%,685,0%,"2,524",2%,513,0%,"2,875",2%,"12,016",8%
"Elk City, OK","22,410","17,519",78%,"1,136",5%,852,4%,131,1%,12,0%,"1,076",5%,"1,684",8%
"Elkhart-Goshen, IN","207,047","151,468",73%,"11,372",5%,"1,413",1%,"2,274",1%,78,0%,"21,989",11%,"18,453",9%
"Elkins, WV","27,932","26,144",94%,433,2%,61,0%,104,0%,1,0%,140,1%,"1,049",4%
"Elko, NV","55,557","39,012",70%,525,1%,"2,871",5%,602,1%,90,0%,"6,347",11%,"6,110",11%
"Ellensburg, WA","44,337","36,479",82%,402,1%,539,1%,931,2%,93,0%,"2,191",5%,"3,702",8%
"Elmira, NY","84,148","70,463",84%,"5,315",6%,240,0%,"1,432",2%,15,0%,947,1%,"5,736",7%
"El Paso, TX","868,859","315,615",36%,"29,070",3%,"10,376",1%,"12,083",1%,"1,885",0%,"188,922",22%,"310,908",36%
"Emporia, KS","34,751","26,072",75%,671,2%,282,1%,582,2%,19,0%,"3,920",11%,"3,205",9%
"Enid, OK","62,846","45,297",72%,"1,747",3%,"1,579",3%,706,1%,"2,941",5%,"4,087",7%,"6,489",10%
"Enterprise, AL","53,465","37,080",69%,"8,760",16%,640,1%,909,2%,61,0%,"1,908",4%,"4,107",8%
"Erie, PA","270,876","222,731",82%,"20,584",8%,477,0%,"6,380",2%,60,0%,"4,649",2%,"15,995",6%
"Escanaba, MI","36,903","33,684",91%,93,0%,849,2%,156,0%,8,0%,151,0%,"1,962",5%
"Española, NM","40,363","13,865",34%,206,1%,"6,929",17%,256,1%,13,0%,"8,553",21%,"10,541",26%
"Eufaula, AL-GA","27,458","12,507",46%,"12,852",47%,129,0%,129,0%,1,0%,"1,048",4%,792,3%
"Eugene-Springfield, OR","382,971","309,194",81%,"4,660",1%,"4,674",1%,"9,620",3%,"1,015",0%,"15,016",4%,"38,792",10%
"Eureka-Arcata, CA","136,463","98,095",72%,"1,879",1%,"8,481",6%,"3,615",3%,455,0%,"7,782",6%,"16,156",12%
"Evanston, WY","20,450","18,007",88%,66,0%,191,1%,114,1%,27,0%,864,4%,"1,181",6%
"Evansville, IN-KY","314,049","264,378",84%,"22,588",7%,695,0%,"4,430",1%,745,0%,"4,277",1%,"16,936",5%
"Fairbanks, AK","95,655","65,971",69%,"4,014",4%,"7,555",8%,"3,104",3%,604,1%,"2,237",2%,"12,170",13%
"Fairfield, IA","15,663","13,565",87%,419,3%,55,0%,500,3%,9,0%,312,2%,803,5%
"Fairmont, MN","20,025","18,361",92%,118,1%,76,0%,102,1%,6,0%,529,3%,833,4%
"Fairmont, WV","56,205","50,578",90%,"1,867",3%,139,0%,256,0%,43,0%,200,0%,"3,122",6%
"Fallon, NV","25,516","18,717",73%,460,2%,"1,174",5%,680,3%,93,0%,"1,499",6%,"2,893",11%
"Fargo, ND-MN","249,843","206,758",83%,"16,153",6%,"3,761",2%,"6,849",3%,121,0%,"2,863",1%,"13,338",5%
"Faribault-Northfield, MN","67,097","52,637",78%,"4,386",7%,456,1%,"1,564",2%,10,0%,"3,843",6%,"4,201",6%
"Farmington, MO","66,922","59,940",90%,"2,658",4%,212,0%,403,1%,21,0%,404,1%,"3,284",5%
"Farmington, NM","121,661","50,416",41%,714,1%,"50,021",41%,916,1%,71,0%,"8,456",7%,"11,067",9%
"Fayetteville, NC","520,378","244,810",47%,"171,793",33%,"11,042",2%,"11,417",2%,"1,941",0%,"29,044",6%,"50,331",10%
"Fayetteville-Springdale-Rogers, AR","546,725","383,814",70%,"13,425",2%,"8,901",2%,"19,541",4%,"11,674",2%,"50,990",9%,"58,380",11%
"Fergus Falls, MN","60,081","54,910",91%,856,1%,323,1%,334,1%,17,0%,"1,081",2%,"2,560",4%
"Fernley, NV","59,235","44,813",76%,530,1%,"1,368",2%,980,2%,196,0%,"4,264",7%,"7,084",12%
"Findlay, OH","74,920","66,590",89%,"1,431",2%,149,0%,"1,402",2%,31,0%,"1,292",2%,"4,025",5%
"Fitzgerald, GA","17,194","9,432",55%,"6,267",36%,70,0%,119,1%,0,0%,546,3%,760,4%
"Flagstaff, AZ","145,101","83,360",57%,"1,961",1%,"36,225",25%,"2,674",2%,262,0%,"7,656",5%,"12,963",9%
"Flint, MI","406,211","289,255",71%,"79,914",20%,"1,745",0%,"4,088",1%,122,0%,"4,809",1%,"26,278",6%
"Florence, SC","199,964","103,858",52%,"82,710",41%,598,0%,"2,617",1%,76,0%,"2,825",1%,"7,280",4%
"Florence-Muscle Shoals, AL","150,791","120,772",80%,"18,529",12%,638,0%,"1,202",1%,41,0%,"2,454",2%,"7,155",5%
"Fond du Lac, WI","104,154","91,630",88%,"2,416",2%,506,0%,"1,256",1%,35,0%,"3,152",3%,"5,159",5%
"Forest City, NC","64,444","52,808",82%,"5,903",9%,224,0%,348,1%,25,0%,"1,506",2%,"3,630",6%
"Forrest City, AR","23,090","9,551",41%,"12,561",54%,65,0%,127,1%,8,0%,189,1%,589,3%
"Fort Collins, CO","359,066","295,995",82%,"3,815",1%,"2,878",1%,"8,538",2%,325,0%,"13,795",4%,"33,720",9%
"Fort Dodge, IA","36,999","32,108",87%,"1,825",5%,176,0%,303,1%,16,0%,670,2%,"1,901",5%
"Fort Leonard Wood, MO","53,955","38,553",71%,"6,322",12%,447,1%,"1,835",3%,410,1%,"1,426",3%,"4,962",9%
"Fort Madison-Keokuk, IA-IL-MO","57,809","53,382",92%,"1,006",2%,132,0%,213,0%,12,0%,436,1%,"2,628",5%
"Fort Morgan, CO","29,111","19,184",66%,975,3%,404,1%,157,1%,11,0%,"4,422",15%,"3,958",14%
"Fort Payne, AL","71,608","56,420",79%,"1,046",1%,"1,992",3%,253,0%,22,0%,"7,171",10%,"4,704",7%
"Fort Polk South, LA","48,750","35,087",72%,"6,491",13%,566,1%,888,2%,301,1%,"1,334",3%,"4,083",8%
"Fort Smith, AR-OK","244,310","173,733",71%,"9,653",4%,"13,795",6%,"7,187",3%,164,0%,"13,633",6%,"26,145",11%
"Fort Wayne, IN","419,601","309,181",74%,"44,643",11%,"1,770",0%,"18,477",4%,157,0%,"16,821",4%,"28,552",7%
"Frankfort, IN","33,190","26,867",81%,201,1%,162,0%,73,0%,15,0%,"3,258",10%,"2,614",8%
"Frankfort, KY","75,393","63,533",84%,"4,973",7%,222,0%,"1,137",2%,24,0%,"1,256",2%,"4,248",6%
"Fredericksburg, TX","26,725","21,373",80%,110,0%,165,1%,131,0%,1,0%,"1,584",6%,"3,361",13%
"Freeport, IL","44,630","35,911",80%,"4,456",10%,118,0%,306,1%,11,0%,897,2%,"2,931",7%
"Fremont, NE","37,167","30,548",82%,247,1%,349,1%,204,1%,20,0%,"3,179",9%,"2,620",7%
"Fremont, OH","58,896","50,425",86%,"1,886",3%,197,0%,202,0%,8,0%,"1,829",3%,"4,349",7%
"Fresno, CA","1,008,654","374,678",37%,"48,707",5%,"22,043",2%,"113,328",11%,"1,665",0%,"284,830",28%,"163,403",16%
"Gadsden, AL","103,436","78,584",76%,"15,146",15%,739,1%,927,1%,54,0%,"2,729",3%,"5,257",5%
"Gaffney, SC","56,216","40,203",72%,"11,370",20%,226,0%,345,1%,14,0%,"1,547",3%,"2,511",4%
"Gainesville, FL","339,247","219,526",65%,"56,647",17%,"1,154",0%,"18,433",5%,135,0%,"11,527",3%,"31,825",9%
"Gainesville, GA","203,136","130,744",64%,"14,660",7%,"1,739",1%,"4,254",2%,107,0%,"29,343",14%,"22,289",11%
"Gainesville, TX","41,668","31,641",76%,"1,233",3%,550,1%,314,1%,20,0%,"3,178",8%,"4,732",11%
"Galesburg, IL","49,967","40,664",81%,"4,457",9%,117,0%,363,1%,18,0%,"1,141",2%,"3,207",6%
"Gallup, NM","72,902","7,639",10%,353,0%,"56,941",78%,948,1%,36,0%,"3,151",4%,"3,834",5%
"Garden City, KS","42,453","22,473",53%,"1,583",4%,402,1%,"1,555",4%,36,0%,"7,033",17%,"9,371",22%
"Gardnerville Ranchos, NV","49,488","40,307",81%,243,0%,"1,014",2%,934,2%,95,0%,"2,244",5%,"4,651",9%
"Georgetown, SC","63,404","41,555",66%,"18,156",29%,129,0%,267,0%,35,0%,"1,181",2%,"2,081",3%
"Gettysburg, PA","103,852","91,460",88%,"1,559",2%,340,0%,975,1%,37,0%,"3,850",4%,"5,631",5%
"Gillette, WY","61,045","53,751",88%,269,0%,777,1%,368,1%,41,0%,"2,179",4%,"3,660",6%
"Glasgow, KY","54,771","48,971",89%,"1,841",3%,152,0%,267,0%,54,0%,938,2%,"2,548",5%
"Glens Falls, NY","127,039","115,073",91%,"2,514",2%,344,0%,"1,079",1%,24,0%,"1,200",1%,"6,805",5%
"Glenwood Springs, CO","79,043","56,835",72%,441,1%,946,1%,701,1%,54,0%,"10,587",13%,"9,479",12%
"Gloversville, NY","53,324","47,775",90%,"1,068",2%,121,0%,349,1%,4,0%,688,1%,"3,319",6%
"Goldsboro, NC","117,333","62,452",53%,"35,795",31%,682,1%,"1,580",1%,77,0%,"9,153",8%,"7,594",6%
"Granbury, TX","61,598","51,678",84%,523,1%,501,1%,476,1%,53,0%,"2,820",5%,"5,547",9%
"Grand Forks, ND-MN","104,362","87,285",84%,"4,042",4%,"2,266",2%,"2,652",3%,63,0%,"1,621",2%,"6,433",6%
"Grand Island, NE","77,038","56,951",74%,"1,977",3%,977,1%,771,1%,44,0%,"9,896",13%,"6,422",8%
"Grand Junction, CO","155,703","127,970",82%,"1,151",1%,"1,723",1%,"1,676",1%,208,0%,"7,821",5%,"15,154",10%
"Grand Rapids, MN","45,014","40,371",90%,178,0%,"1,552",3%,145,0%,7,0%,210,0%,"2,551",6%
"Grand Rapids-Kentwood, MI","1,087,592","847,851",78%,"75,342",7%,"6,001",1%,"30,527",3%,370,0%,"50,992",5%,"76,509",7%
"Grants, NM","27,172","8,080",30%,284,1%,"12,240",45%,209,1%,18,0%,"2,865",11%,"3,476",13%
"Grants Pass, OR","88,090","75,344",86%,415,0%,"1,071",1%,886,1%,128,0%,"2,194",2%,"8,052",9%
"Great Bend, KS","25,493","21,157",83%,312,1%,149,1%,80,0%,3,0%,"1,855",7%,"1,937",8%
"Great Falls, MT","84,414","70,265",83%,"1,196",1%,"4,004",5%,952,1%,123,0%,"1,139",1%,"6,735",8%
"Greeley, CO","328,981","231,892",70%,"4,539",1%,"4,274",1%,"5,857",2%,365,0%,"36,769",11%,"45,285",14%
"Green Bay, WI","328,268","268,510",82%,"8,556",3%,"8,180",2%,"8,703",3%,128,0%,"12,593",4%,"21,598",7%
"Greeneville, TN","70,152","63,841",91%,"1,393",2%,206,0%,301,0%,14,0%,"1,054",2%,"3,343",5%
"Greensboro-High Point, NC","776,566","440,321",57%,"207,385",27%,"4,774",1%,"31,595",4%,311,0%,"42,745",6%,"49,435",6%
"Greensburg, IN","26,472","24,961",94%,91,0%,44,0%,160,1%,8,0%,238,1%,970,4%
"Greenville, MS","44,922","11,264",25%,"32,042",71%,64,0%,302,1%,11,0%,325,1%,914,2%
"Greenville, NC","170,243","88,790",52%,"60,414",35%,711,0%,"3,078",2%,106,0%,"7,779",5%,"9,365",6%
"Greenville, OH","51,881","49,322",95%,303,1%,107,0%,182,0%,26,0%,353,1%,"1,588",3%
"Greenville-Anderson, SC","928,195","661,421",71%,"143,173",15%,"3,721",0%,"18,431",2%,548,0%,"41,406",4%,"59,495",6%
"Greenwood, MS","38,337","12,565",33%,"23,939",62%,54,0%,243,1%,0,0%,700,2%,836,2%
"Greenwood, SC","69,351","41,205",59%,"20,938",30%,171,0%,694,1%,44,0%,"2,990",4%,"3,309",5%
"Grenada, MS","21,629","11,339",52%,"9,409",44%,41,0%,90,0%,2,0%,96,0%,652,3%
"Guayama, PR","68,442","11,328",17%,"7,484",11%,363,1%,54,0%,21,0%,"23,063",34%,"26,129",38%
"Gulfport-Biloxi, MS","416,259","274,587",66%,"88,986",21%,"2,166",1%,"9,742",2%,408,0%,"11,617",3%,"28,753",7%
"Guymon, OK","21,384","10,136",47%,"1,025",5%,563,3%,475,2%,0,0%,"5,598",26%,"3,587",17%
"Hagerstown-Martinsburg, MD-WV","293,844","231,731",79%,"27,167",9%,912,0%,"4,688",2%,141,0%,"7,443",3%,"21,762",7%
"Hailey, ID","25,349","19,625",77%,52,0%,145,1%,221,1%,16,0%,"2,970",12%,"2,320",9%
"Hammond, LA","133,157","81,336",61%,"40,039",30%,533,0%,"1,003",1%,24,0%,"2,986",2%,"7,236",5%
"Hanford-Corcoran, CA","152,486","61,226",40%,"9,023",6%,"3,671",2%,"5,923",4%,412,0%,"48,001",31%,"24,230",16%
"Hannibal, MO","38,880","34,867",90%,"1,488",4%,120,0%,196,1%,20,0%,255,1%,"1,934",5%
"Harrisburg-Carlisle, PA","591,712","439,074",74%,"62,251",11%,"1,362",0%,"31,334",5%,239,0%,"19,992",3%,"37,460",6%
"Harrison, AR","44,598","40,817",92%,115,0%,347,1%,270,1%,30,0%,290,1%,"2,729",6%
"Harrisonburg, VA","135,571","106,445",79%,"6,104",5%,588,0%,"3,044",2%,49,0%,"9,375",7%,"9,966",7%
"Hartford-East Hartford-Middletown, CT","1,213,531","811,768",67%,"141,209",12%,"3,809",0%,"67,296",6%,437,0%,"88,071",7%,"100,941",8%
"Hastings, NE","31,205","26,656",85%,258,1%,186,1%,429,1%,9,0%,"1,555",5%,"2,112",7%
"Hattiesburg, MS","172,231","108,113",63%,"51,215",30%,460,0%,"2,010",1%,86,0%,"3,628",2%,"6,719",4%
"Hays, KS","28,934","25,584",88%,340,1%,96,0%,266,1%,2,0%,996,3%,"1,650",6%
"Heber, UT","77,145","65,058",84%,330,0%,321,0%,"1,089",1%,85,0%,"4,790",6%,"5,472",7%
"Helena, MT","83,058","74,053",89%,298,0%,"1,525",2%,609,1%,54,0%,766,1%,"5,753",7%
"Helena-West Helena, AR","16,568","5,616",34%,"10,343",62%,44,0%,65,0%,4,0%,87,1%,409,2%
"Henderson, NC","42,578","16,682",39%,"21,237",50%,161,0%,286,1%,11,0%,"2,493",6%,"1,708",4%
"Hereford, TX","18,583","9,054",49%,174,1%,196,1%,63,0%,3,0%,"4,503",24%,"4,590",25%
"Hermiston-Pendleton, OR","92,261","60,933",66%,759,1%,"3,249",4%,753,1%,156,0%,"15,282",17%,"11,129",12%
"Hickory-Lenoir-Morganton, NC","365,276","288,760",79%,"23,535",6%,"2,844",1%,"11,127",3%,185,0%,"16,847",5%,"21,978",6%
"Hillsdale, MI","45,746","42,658",93%,206,0%,168,0%,177,0%,6,0%,310,1%,"2,221",5%
"Hilo, HI","200,629","67,365",34%,"1,251",1%,"1,027",1%,"39,607",20%,"28,096",14%,"4,038",2%,"59,245",30%
"Hilton Head Island-Bluffton, SC","215,908","144,575",67%,"37,618",17%,883,0%,"2,638",1%,161,0%,"13,740",6%,"16,293",8%
"Hinesville, GA","81,424","35,150",43%,"32,220",40%,457,1%,"1,561",2%,569,1%,"3,574",4%,"7,893",10%
"Hobbs, NM","74,455","34,303",46%,"2,801",4%,965,1%,661,1%,22,0%,"20,145",27%,"15,558",21%
"Holland, MI","120,502","105,564",88%,"1,584",1%,799,1%,874,1%,22,0%,"4,127",3%,"7,532",6%
"Homosassa Springs, FL","153,843","134,596",87%,"4,122",3%,568,0%,"2,449",2%,54,0%,"2,321",2%,"9,733",6%
"Hood River, OR","23,977","16,381",68%,53,0%,274,1%,392,2%,37,0%,"3,130",13%,"3,710",15%
"Hope, AR","28,375","16,224",57%,"8,127",29%,185,1%,141,0%,5,0%,"1,958",7%,"1,735",6%
"Hot Springs, AR","100,180","78,837",79%,"8,128",8%,802,1%,972,1%,71,0%,"3,371",3%,"7,999",8%
"Houghton, MI","39,407","36,061",92%,291,1%,166,0%,857,2%,22,0%,284,1%,"1,726",4%
"Houma-Thibodaux, LA","207,137","141,644",68%,"35,893",17%,"8,624",4%,"2,095",1%,71,0%,"6,376",3%,"12,434",6%
"Houston-The Woodlands-Sugar Land, TX","7,122,240","2,950,362",41%,"1,237,934",17%,"73,424",1%,"594,858",8%,"5,769",0%,"1,139,060",16%,"1,120,833",16%
"Hudson, NY","61,570","51,533",84%,"2,557",4%,188,0%,"1,431",2%,21,0%,"1,584",3%,"4,256",7%
"Huntingdon, PA","44,092","39,624",90%,"2,271",5%,56,0%,210,0%,17,0%,546,1%,"1,368",3%
"Huntington, IN","36,662","34,213",93%,223,1%,181,0%,169,0%,7,0%,365,1%,"1,504",4%
"Huntington-Ashland, WV-KY-OH","359,862","331,564",92%,"8,492",2%,745,0%,"2,801",1%,60,0%,"1,972",1%,"14,228",4%
"Huntsville, AL","491,723","319,574",65%,"105,373",21%,"3,686",1%,"12,161",2%,557,0%,"14,298",3%,"36,074",7%
"Huntsville, TX","76,400","42,800",56%,"16,638",22%,468,1%,"1,148",2%,42,0%,"10,116",13%,"5,188",7%
"Huron, SD","20,812","15,418",74%,166,1%,341,2%,"2,079",10%,58,0%,"1,376",7%,"1,374",7%
"Hutchinson, KS","61,898","52,761",85%,"1,863",3%,519,1%,352,1%,48,0%,"1,776",3%,"4,579",7%
"Hutchinson, MN","36,771","33,216",90%,235,1%,159,0%,238,1%,30,0%,914,2%,"1,979",5%
"Idaho Falls, ID","157,429","133,200",85%,714,0%,"1,483",1%,"1,550",1%,191,0%,"9,655",6%,"10,636",7%
"Indiana, PA","83,246","76,277",92%,"2,494",3%,143,0%,817,1%,13,0%,535,1%,"2,967",4%
"Indianapolis-Carmel-Anderson, IN","2,111,040","1,470,029",70%,"317,192",15%,"7,907",0%,"81,664",4%,906,0%,"94,921",4%,"138,421",7%
"Indianola, MS","25,971","6,894",27%,"18,164",70%,23,0%,84,0%,1,0%,367,1%,438,2%
"Iowa City, IA","175,419","137,464",78%,"13,035",7%,392,0%,"8,715",5%,46,0%,"4,960",3%,"10,807",6%
"Iron Mountain, MI-WI","30,505","28,691",94%,74,0%,157,1%,155,1%,15,0%,139,0%,"1,274",4%
"Ithaca, NY","105,740","78,657",74%,"4,597",4%,353,0%,"10,532",10%,47,0%,"2,855",3%,"8,699",8%
"Jackson, MI","160,366","133,257",83%,"12,632",8%,656,0%,"1,493",1%,30,0%,"1,886",1%,"10,412",6%
"Jackson, MS","591,978","273,021",46%,"282,692",48%,"1,223",0%,"7,992",1%,197,0%,"9,087",2%,"17,766",3%
"Jackson, OH","32,653","30,956",95%,159,0%,107,0%,105,0%,1,0%,97,0%,"1,228",4%
"Jackson, TN","180,504","117,383",65%,"48,349",27%,524,0%,"1,549",1%,38,0%,"4,539",3%,"8,122",4%
"Jackson, WY-ID","34,961","28,615",82%,80,0%,262,1%,371,1%,5,0%,"2,607",7%,"3,021",9%
"Jacksonville, FL","1,605,848","989,709",62%,"341,206",21%,"5,803",0%,"67,200",4%,"1,699",0%,"58,592",4%,"141,639",9%
"Jacksonville, IL","37,864","33,551",89%,"1,988",5%,71,0%,281,1%,17,0%,379,1%,"1,577",4%
"Jacksonville, NC","204,576","137,072",67%,"28,026",14%,"1,460",1%,"4,729",2%,825,0%,"10,196",5%,"22,268",11%
"Jacksonville, TX","50,412","32,134",64%,"6,426",13%,464,1%,263,1%,18,0%,"6,224",12%,"4,883",10%
"Jamestown, ND","21,593","19,722",91%,456,2%,301,1%,137,1%,4,0%,190,1%,783,4%
"Jamestown-Dunkirk-Fredonia, NY","127,657","109,333",86%,"3,354",3%,673,1%,818,1%,57,0%,"4,278",3%,"9,144",7%
"Janesville-Beloit, WI","163,687","133,107",81%,"8,311",5%,878,1%,"2,059",1%,72,0%,"7,457",5%,"11,803",7%
"Jasper, AL","65,342","57,012",87%,"3,929",6%,321,0%,297,0%,6,0%,"1,047",2%,"2,730",4%
"Jasper, IN","55,887","50,580",91%,241,0%,189,0%,264,0%,5,0%,"2,520",5%,"2,088",4%
"Jayuya, PR","14,779","3,447",23%,351,2%,75,1%,3,0%,5,0%,"3,150",21%,"7,748",52%
"Jefferson, GA","75,907","60,464",80%,"5,232",7%,245,0%,"1,780",2%,44,0%,"3,128",4%,"5,014",7%
"Jefferson City, MO","150,309","127,633",85%,"10,403",7%,516,0%,"1,253",1%,126,0%,"1,776",1%,"8,602",6%
"Jennings, LA","32,250","25,066",78%,"5,148",16%,168,1%,100,0%,14,0%,325,1%,"1,429",4%
"Jesup, GA","30,144","21,859",73%,"5,978",20%,101,0%,174,1%,2,0%,753,2%,"1,277",4%
"Johnson City, TN","207,285","182,557",88%,"6,386",3%,678,0%,"2,278",1%,69,0%,"3,675",2%,"11,642",6%
"Johnstown, PA","133,472","120,248",90%,"5,828",4%,135,0%,782,1%,37,0%,760,1%,"5,682",4%
"Jonesboro, AR","134,196","100,030",75%,"20,256",15%,458,0%,"1,753",1%,62,0%,"3,907",3%,"7,730",6%
"Joplin, MO","181,409","146,964",81%,"2,874",2%,"3,732",2%,"2,305",1%,"1,261",1%,"8,544",5%,"15,729",9%
"Juneau, AK","32,255","20,124",62%,350,1%,"3,614",11%,"2,101",7%,476,1%,653,2%,"4,937",15%
"Kahului-Wailuku-Lahaina, HI","164,754","54,203",33%,"1,065",1%,778,0%,"44,328",27%,"20,008",12%,"4,204",3%,"40,168",24%
"Kalamazoo-Portage, MI","261,670","197,010",75%,"30,352",12%,"1,275",0%,"7,042",3%,76,0%,"6,399",2%,"19,516",7%
"Kalispell, MT","104,357","94,605",91%,280,0%,985,1%,717,1%,90,0%,"1,039",1%,"6,641",6%
"Kankakee, IL","107,502","76,327",71%,"15,573",14%,432,0%,"1,090",1%,23,0%,"6,279",6%,"7,778",7%
"Kansas City, MO-KS","2,192,035","1,553,996",71%,"262,220",12%,"12,868",1%,"67,299",3%,"4,627",0%,"93,118",4%,"197,907",9%
"Kapaa, HI","73,298","23,204",32%,376,1%,287,0%,"21,102",29%,"7,227",10%,"1,094",1%,"20,008",27%
"Kearney, NE","56,772","49,522",87%,646,1%,294,1%,682,1%,42,0%,"2,350",4%,"3,236",6%
"Keene, NH","76,458","69,907",91%,708,1%,169,0%,"1,079",1%,53,0%,642,1%,"3,900",5%
"Kendallville, IN","47,457","41,352",87%,233,0%,205,0%,226,0%,8,0%,"2,537",5%,"2,896",6%
"Kennett, MO","28,283","22,068",78%,"3,184",11%,84,0%,80,0%,4,0%,"1,160",4%,"1,703",6%
"Kennewick-Richland, WA","303,622","191,924",63%,"4,683",2%,"3,455",1%,"8,301",3%,839,0%,"54,150",18%,"40,270",13%
"Kerrville, TX","52,598","39,702",75%,789,2%,338,1%,606,1%,50,0%,"3,796",7%,"7,317",14%
"Ketchikan, AK","13,948","8,430",60%,103,1%,"2,334",17%,"1,129",8%,26,0%,224,2%,"1,702",12%
"Key West, FL","82,874","60,153",73%,"4,807",6%,345,0%,"1,170",1%,64,0%,"3,858",5%,"12,477",15%
"Kill Devil Hills, NC","36,915","32,429",88%,703,2%,181,0%,265,1%,10,0%,"1,166",3%,"2,161",6%
"Killeen-Temple, TX","475,367","247,292",52%,"98,338",21%,"4,359",1%,"13,628",3%,"4,943",1%,"40,729",9%,"66,078",14%
"Kingsport-Bristol, TN-VA","307,614","283,553",92%,"5,784",2%,737,0%,"2,071",1%,61,0%,"2,460",1%,"12,948",4%
"Kingston, NY","181,851","141,728",78%,"11,063",6%,829,0%,"3,860",2%,63,0%,"8,390",5%,"15,918",9%
"Kingsville, TX","31,390","17,403",55%,"1,130",4%,253,1%,817,3%,2,0%,"3,789",12%,"7,996",25%
"Kinston, NC","55,122","27,113",49%,"22,195",40%,182,0%,336,1%,31,0%,"2,675",5%,"2,590",5%
"Kirksville, MO","29,346","25,721",88%,"1,279",4%,52,0%,702,2%,14,0%,253,1%,"1,325",5%
"Klamath Falls, OR","69,413","54,494",79%,562,1%,"2,998",4%,786,1%,122,0%,"3,532",5%,"6,919",10%
"Knoxville, TN","879,773","736,723",84%,"49,920",6%,"3,457",0%,"15,223",2%,448,0%,"21,144",2%,"52,858",6%
"Kokomo, IN","83,658","69,540",83%,"6,516",8%,257,0%,"1,030",1%,24,0%,"1,117",1%,"5,174",6%
"Laconia, NH","63,705","59,134",93%,359,1%,128,0%,588,1%,14,0%,392,1%,"3,090",5%
"La Crosse-Onalaska, WI-MN","139,627","124,217",89%,"2,092",1%,562,0%,"5,709",4%,30,0%,"1,148",1%,"5,869",4%
"Lafayette, LA","478,384","314,785",66%,"117,267",25%,"1,817",0%,"9,078",2%,97,0%,"10,819",2%,"24,521",5%
"Lafayette-West Lafayette, IN","223,716","170,614",76%,"11,466",5%,820,0%,"13,744",6%,58,0%,"9,142",4%,"17,872",8%
"La Grande, OR","26,196","22,565",86%,161,1%,242,1%,220,1%,492,2%,462,2%,"2,054",8%
"LaGrange, GA-AL","104,198","57,489",55%,"37,799",36%,309,0%,"2,011",2%,50,0%,"2,390",2%,"4,150",4%
"Lake Charles, LA","222,402","145,004",65%,"55,335",25%,"1,128",1%,"3,840",2%,139,0%,"4,888",2%,"12,068",5%
"Lake City, FL","69,698","50,735",73%,"11,593",17%,273,0%,882,1%,41,0%,"1,508",2%,"4,666",7%
"Lake Havasu City-Kingman, AZ","213,267","169,732",80%,"2,221",1%,"5,185",2%,"2,734",1%,409,0%,"12,676",6%,"20,310",10%
"Lakeland-Winter Haven, FL","725,046","439,034",61%,"105,533",15%,"3,884",1%,"13,514",2%,463,0%,"68,847",9%,"93,771",13%
"Lamesa, TX","12,456","7,609",61%,899,7%,100,1%,56,0%,4,0%,"1,820",15%,"1,968",16%
"Lancaster, PA","552,984","452,646",82%,"22,394",4%,"1,322",0%,"14,147",3%,169,0%,"27,367",5%,"34,939",6%
"Lansing-East Lansing, MI","541,297","420,180",78%,"45,308",8%,"2,562",0%,"21,174",4%,189,0%,"11,942",2%,"39,942",7%
"Laramie, WY","37,066","30,918",83%,432,1%,397,1%,"1,041",3%,37,0%,"1,267",3%,"2,974",8%
"Laredo, TX","267,114","102,723",38%,"1,166",0%,"1,651",1%,"1,405",1%,53,0%,"52,683",20%,"107,433",40%
"Las Cruces, NM","219,561","104,209",47%,"4,072",2%,"4,089",2%,"2,700",1%,195,0%,"44,199",20%,"60,097",27%
"Las Vegas, NM","31,390","14,402",46%,358,1%,658,2%,172,1%,2,0%,"6,396",20%,"9,402",30%
"Las Vegas-Henderson-Paradise, NV","2,265,461","1,016,368",45%,"286,684",13%,"23,735",1%,"237,663",10%,"20,572",1%,"348,344",15%,"332,095",15%
"Laurel, MS","83,613","49,637",59%,"27,580",33%,487,1%,287,0%,30,0%,"3,130",4%,"2,462",3%
"Laurinburg, NC","34,174","14,402",42%,"13,162",39%,"3,745",11%,343,1%,15,0%,718,2%,"1,789",5%
"Lawrence, KS","118,785","92,694",78%,"5,301",4%,"2,950",2%,"4,685",4%,86,0%,"2,569",2%,"10,500",9%
"Lawrenceburg, TN","44,159","40,717",92%,710,2%,93,0%,168,0%,1,0%,479,1%,"1,991",5%
"Lawton, OK","126,652","73,513",58%,"19,878",16%,"7,765",6%,"3,169",3%,886,1%,"5,318",4%,"16,123",13%
"Lebanon, MO","36,039","32,848",91%,268,1%,219,1%,194,1%,18,0%,277,1%,"2,215",6%
"Lebanon, NH-VT","221,211","200,547",91%,"1,650",1%,697,0%,"3,986",2%,52,0%,"1,858",1%,"12,421",6%
"Lebanon, PA","143,257","118,410",83%,"3,233",2%,270,0%,"2,234",2%,82,0%,"9,445",7%,"9,583",7%
"Levelland, TX","21,537","13,760",64%,645,3%,227,1%,52,0%,4,0%,"3,215",15%,"3,634",17%
"Lewisburg, PA","42,681","36,974",87%,"2,583",6%,102,0%,822,2%,8,0%,601,1%,"1,591",4%
"Lewisburg, TN","34,318","28,704",84%,"2,043",6%,125,0%,142,0%,14,0%,956,3%,"2,334",7%
"Lewiston, ID-WA","64,375","55,962",87%,309,0%,"2,744",4%,540,1%,67,0%,711,1%,"4,042",6%
"Lewiston-Auburn, ME","111,139","96,625",87%,"6,531",6%,420,0%,906,1%,58,0%,830,1%,"5,769",5%
"Lewistown, PA","46,143","43,644",95%,388,1%,59,0%,169,0%,2,0%,348,1%,"1,533",3%
"Lexington, NE","26,004","16,876",65%,"1,214",5%,274,1%,211,1%,47,0%,"4,801",18%,"2,581",10%
"Lexington-Fayette, KY","516,811","386,969",75%,"57,248",11%,"1,691",0%,"15,127",3%,235,0%,"21,601",4%,"33,940",7%
"Liberal, KS","21,964","9,015",41%,672,3%,527,2%,535,2%,6,0%,"5,982",27%,"5,227",24%
"Lima, OH","102,206","80,753",79%,"12,573",12%,300,0%,840,1%,53,0%,"1,450",1%,"6,237",6%
"Lincoln, IL","27,987","24,669",88%,"1,520",5%,50,0%,181,1%,1,0%,437,2%,"1,129",4%
"Lincoln, NE","340,217","275,004",81%,"13,864",4%,"2,721",1%,"14,143",4%,212,0%,"10,636",3%,"23,637",7%
"Little Rock-North Little Rock-Conway, AR","748,031","478,766",64%,"173,297",23%,"4,281",1%,"13,799",2%,421,0%,"27,981",4%,"49,486",7%
"Lock Haven, PA","37,450","35,169",94%,447,1%,72,0%,212,1%,7,0%,254,1%,"1,289",3%
"Logan, UT-ID","147,348","125,750",85%,"1,141",1%,"1,211",1%,"2,383",2%,712,0%,"7,363",5%,"8,788",6%
"Logansport, IN","37,870","30,122",80%,604,2%,426,1%,577,2%,8,0%,"3,385",9%,"2,748",7%
"London, KY","149,863","140,702",94%,"2,150",1%,380,0%,744,0%,26,0%,850,1%,"5,011",3%
"Longview, TX","286,184","183,071",64%,"50,128",18%,"2,274",1%,"2,538",1%,133,0%,"23,717",8%,"24,323",8%
"Longview, WA","110,730","90,812",82%,820,1%,"1,720",2%,"1,772",2%,668,1%,"4,744",4%,"10,194",9%
"Los Alamos, NM","19,419","14,513",75%,167,1%,157,1%,"1,238",6%,15,0%,730,4%,"2,599",13%
"Los Angeles-Long Beach-Anaheim, CA","13,200,998","4,642,684",35%,"848,206",6%,"201,786",2%,"2,206,797",17%,"33,557",0%,"3,332,719",25%,"1,935,249",15%
"Louisville/Jefferson County, KY-IN","1,285,439","934,133",73%,"189,663",15%,"4,279",0%,"31,854",2%,882,0%,"37,395",3%,"87,233",7%
"Lubbock, TX","321,368","198,698",62%,"27,537",9%,"3,284",1%,"9,723",3%,253,0%,"37,119",12%,"44,754",14%
"Ludington, MI","29,052","26,456",91%,181,1%,245,1%,157,1%,9,0%,394,1%,"1,610",6%
"Lufkin, TX","86,395","54,887",64%,"13,098",15%,563,1%,919,1%,42,0%,"8,588",10%,"8,298",10%
"Lumberton, NC","116,530","30,041",26%,"26,424",23%,"44,871",39%,908,1%,79,0%,"8,192",7%,"6,015",5%
"Lynchburg, VA","261,593","196,013",75%,"42,504",16%,948,0%,"3,568",1%,127,0%,"4,713",2%,"13,720",5%
"Macomb, IL","27,238","23,330",86%,"1,531",6%,58,0%,567,2%,6,0%,431,2%,"1,315",5%
"Macon-Bibb County, GA","233,802","111,636",48%,"104,157",45%,545,0%,"3,704",2%,68,0%,"4,426",2%,"9,266",4%
"Madera, CA","156,255","65,248",42%,"4,596",3%,"7,674",5%,"3,907",3%,173,0%,"49,303",32%,"25,354",16%
"Madison, IN","33,147","30,340",92%,524,2%,97,0%,299,1%,10,0%,596,2%,"1,281",4%
"Madison, WI","680,796","545,841",80%,"31,704",5%,"2,861",0%,"36,493",5%,267,0%,"19,846",3%,"43,784",6%
"Madisonville, KY","45,423","39,331",87%,"2,947",6%,98,0%,232,1%,29,0%,540,1%,"2,246",5%
"Magnolia, AR","22,801","13,371",59%,"7,866",34%,74,0%,168,1%,0,0%,481,2%,841,4%
"M, NY","47,555","39,036",82%,"1,848",4%,"4,141",9%,191,0%,0,0%,483,1%,"1,856",4%
"Malvern, AR","33,040","26,525",80%,"3,472",11%,189,1%,114,0%,11,0%,659,2%,"2,070",6%
"Manchester-Nashua, NH","422,937","350,270",83%,"10,937",3%,"1,021",0%,"16,523",4%,141,0%,"14,855",4%,"29,190",7%
"Manhattan, KS","134,046","99,042",74%,"11,600",9%,915,1%,"4,817",4%,710,1%,"4,298",3%,"12,664",9%
"Manitowoc, WI","81,359","72,034",89%,"1,070",1%,464,1%,"2,253",3%,15,0%,"1,496",2%,"4,027",5%
"Mankato, MN","103,566","87,949",85%,"5,677",5%,470,0%,"2,403",2%,48,0%,"1,970",2%,"5,049",5%
"Mansfield, OH","124,936","105,139",84%,"11,312",9%,246,0%,793,1%,58,0%,"1,024",1%,"6,364",5%
"Marietta, OH","59,771","55,950",94%,605,1%,126,0%,312,1%,11,0%,315,1%,"2,452",4%
"Marinette, WI-MI","65,374","60,599",93%,308,0%,"1,004",2%,285,0%,13,0%,587,1%,"2,578",4%
"Marion, IN","66,674","55,610",83%,"4,689",7%,219,0%,527,1%,27,0%,"1,134",2%,"4,468",7%
"Marion, NC","44,578","38,356",86%,"1,732",4%,216,0%,388,1%,0,0%,"1,777",4%,"2,109",5%
"Marion, OH","65,359","56,754",87%,"4,107",6%,193,0%,362,1%,16,0%,827,1%,"3,100",5%
"Marquette, MI","66,017","59,551",90%,805,1%,"1,062",2%,406,1%,27,0%,359,1%,"3,807",6%
"Marshall, MN","25,269","20,946",83%,922,4%,133,1%,"1,268",5%,3,0%,797,3%,"1,200",5%
"Marshall, MO","23,333","17,995",77%,"1,172",5%,101,0%,175,1%,410,2%,"1,864",8%,"1,616",7%
"Marshalltown, IA","40,105","29,579",74%,815,2%,330,1%,"1,517",4%,33,0%,"4,125",10%,"3,706",9%
"Martin, TN","32,902","28,113",85%,"2,609",8%,70,0%,195,1%,3,0%,361,1%,"1,551",5%
"Martinsville, VA","64,433","40,964",64%,"17,254",27%,215,0%,408,1%,18,0%,"2,163",3%,"3,411",5%
"Maryville, MO","21,241","19,465",92%,363,2%,47,0%,403,2%,2,0%,133,1%,828,4%
"Mason City, IA","50,570","45,659",90%,990,2%,151,0%,567,1%,138,0%,664,1%,"2,401",5%
"Mayagüez, PR","97,605","18,837",19%,"4,445",5%,433,0%,119,0%,24,0%,"23,666",24%,"50,081",51%
"Mayfield, KY","36,649","31,149",85%,"1,564",4%,128,0%,181,0%,4,0%,"1,421",4%,"2,202",6%
"Maysville, KY","17,120","14,867",87%,"1,024",6%,40,0%,111,1%,0,0%,168,1%,910,5%
"McAlester, OK","43,773","29,042",66%,"1,251",3%,"6,597",15%,284,1%,37,0%,889,2%,"5,673",13%
"McAllen-Edinburg-Mission, TX","870,781","300,554",35%,"4,748",1%,"6,155",1%,"9,048",1%,175,0%,"196,973",23%,"353,128",41%
"McComb, MS","40,324","16,889",42%,"21,562",53%,130,0%,255,1%,7,0%,332,1%,"1,149",3%
"McMinnville, TN","40,953","34,794",85%,"1,097",3%,144,0%,258,1%,10,0%,"2,155",5%,"2,495",6%
"McPherson, KS","30,223","26,965",89%,478,2%,151,0%,225,1%,13,0%,673,2%,"1,718",6%
"Meadville, PA","83,938","77,804",93%,"1,530",2%,124,0%,374,0%,26,0%,529,1%,"3,551",4%
"Medford, OR","223,259","178,193",80%,"1,734",1%,"2,781",1%,"3,387",2%,867,0%,"11,739",5%,"24,558",11%
"Memphis, TN-MS-AR","1,337,779","565,211",42%,"612,104",46%,"4,504",0%,"32,359",2%,585,0%,"58,640",4%,"64,376",5%
"Menomonie, WI","45,440","41,198",91%,404,1%,207,0%,"1,458",3%,13,0%,433,1%,"1,727",4%
"Merced, CA","281,202","104,534",37%,"9,158",3%,"7,518",3%,"20,715",7%,807,0%,"89,115",32%,"49,355",18%
"Meridian, MS","97,587","49,727",51%,"42,743",44%,627,1%,601,1%,51,0%,"1,083",1%,"2,755",3%
"Mexico, MO","24,962","21,648",87%,"1,307",5%,89,0%,114,0%,2,0%,374,1%,"1,428",6%
"Miami, OK","30,285","19,365",64%,298,1%,"5,704",19%,154,1%,232,1%,551,2%,"3,981",13%
"Miami-Fort Lauderdale-Pompano Beach, FL","6,138,333","2,428,749",40%,"1,194,334",19%,"26,147",0%,"164,186",3%,"2,227",0%,"598,061",10%,"1,724,629",28%
"Michigan City-La Porte, IN","112,417","88,106",78%,"12,090",11%,431,0%,754,1%,25,0%,"3,421",3%,"7,590",7%
"Middlesborough, KY","24,097","22,388",93%,558,2%,37,0%,124,1%,4,0%,135,1%,851,4%
"Midland, MI","83,494","74,791",90%,963,1%,343,0%,"1,730",2%,88,0%,769,1%,"4,810",6%
"Midland, TX","175,220","101,984",58%,"11,136",6%,"1,619",1%,"3,992",2%,192,0%,"23,125",13%,"33,172",19%
"Milledgeville, GA","52,534","25,076",48%,"24,432",47%,108,0%,636,1%,29,0%,693,1%,"1,560",3%
"Milwaukee-Waukesha, WI","1,574,731","1,049,801",67%,"255,992",16%,"9,321",1%,"66,386",4%,544,0%,"72,506",5%,"120,181",8%
"Minden, LA","36,967","22,735",62%,"12,185",33%,149,0%,138,0%,12,0%,328,1%,"1,420",4%
"Mineral Wells, TX","28,409","22,603",80%,582,2%,269,1%,214,1%,13,0%,"2,161",8%,"2,567",9%
"Minneapolis-St. Paul-Bloomington, MN-WI","3,690,261","2,692,366",73%,"337,652",9%,"28,161",1%,"265,575",7%,"1,365",0%,"122,165",3%,"242,977",7%
"Minot, ND","77,546","64,253",83%,"3,040",4%,"1,748",2%,"1,134",1%,139,0%,"1,413",2%,"5,819",8%
"Missoula, MT","117,922","101,540",86%,752,1%,"3,299",3%,"1,456",1%,125,0%,"2,629",2%,"8,121",7%
"Mitchell, SD","23,417","21,120",90%,162,1%,658,3%,117,0%,5,0%,454,2%,901,4%
"Moberly, MO","24,716","21,535",87%,"1,361",6%,111,0%,95,0%,9,0%,158,1%,"1,447",6%
"Mobile, AL","430,197","239,859",56%,"149,572",35%,"5,171",1%,"8,599",2%,241,0%,"6,052",1%,"20,703",5%
"Modesto, CA","552,878","256,602",46%,"15,913",3%,"10,543",2%,"34,778",6%,"4,269",1%,"146,129",26%,"84,644",15%
"Monroe, LA","207,104","115,286",56%,"76,126",37%,672,0%,"2,425",1%,55,0%,"4,030",2%,"8,510",4%
"Monroe, MI","154,809","137,561",89%,"4,138",3%,544,0%,959,1%,24,0%,"1,921",1%,"9,662",6%
"Montgomery, AL","386,047","183,191",47%,"167,315",43%,"1,366",0%,"9,565",2%,218,0%,"8,574",2%,"15,818",4%
"Montrose, CO","47,553","37,791",79%,197,0%,593,1%,366,1%,40,0%,"3,963",8%,"4,603",10%
"Morehead City, NC","67,686","58,255",86%,"3,274",5%,312,0%,594,1%,63,0%,"1,417",2%,"3,771",6%
"Morgan City, LA","49,406","26,949",55%,"15,058",30%,"1,006",2%,647,1%,13,0%,"2,465",5%,"3,268",7%
"Morgantown, WV","140,038","120,844",86%,"6,202",4%,261,0%,"3,812",3%,76,0%,"1,227",1%,"7,616",5%
"Morristown, TN","142,709","122,738",86%,"3,132",2%,716,1%,"1,048",1%,330,0%,"6,547",5%,"8,198",6%
"Moscow, ID","39,517","34,294",87%,332,1%,315,1%,981,2%,60,0%,655,2%,"2,880",7%
"Moses Lake, WA","99,123","57,433",58%,782,1%,"1,660",2%,"1,202",1%,104,0%,"24,733",25%,"13,209",13%
"Moultrie, GA","45,898","27,248",59%,"10,068",22%,400,1%,388,1%,15,0%,"4,808",10%,"2,971",6%
"Mountain Home, AR","41,627","38,489",92%,90,0%,255,1%,234,1%,9,0%,327,1%,"2,223",5%
"Mountain Home, ID","28,666","21,488",75%,757,3%,358,1%,800,3%,109,0%,"2,139",7%,"3,015",11%
"Mount Airy, NC","71,359","59,307",83%,"2,486",3%,314,0%,378,1%,16,0%,"4,754",7%,"4,104",6%
"Mount Gay-Shamrock, WV","32,567","30,884",95%,581,2%,42,0%,67,0%,1,0%,64,0%,928,3%
"Mount Pleasant, MI","64,394","54,159",84%,"2,134",3%,"2,282",4%,"1,117",2%,20,0%,742,1%,"3,940",6%
"Mount Pleasant, TX","43,711","23,636",54%,"4,890",11%,440,1%,386,1%,17,0%,"8,081",18%,"6,261",14%
"Mount Sterling, KY","46,977","43,649",93%,779,2%,73,0%,169,0%,4,0%,541,1%,"1,762",4%
"Mount Vernon, IL","37,113","31,440",85%,"2,842",8%,92,0%,365,1%,7,0%,343,1%,"2,024",5%
"Mount Vernon, OH","62,721","58,400",93%,566,1%,147,0%,367,1%,20,0%,600,1%,"2,621",4%
"Mount Vernon-Anacortes, WA","129,523","96,540",75%,888,1%,"2,878",2%,"2,832",2%,418,0%,"12,238",9%,"13,729",11%
"Muncie, IN","111,903","94,312",84%,"8,249",7%,272,0%,"1,400",1%,58,0%,"1,627",1%,"5,985",5%
"Murray, KY","37,103","32,626",88%,"1,313",4%,64,0%,435,1%,11,0%,547,1%,"2,107",6%
"Muscatine, IA","43,235","34,598",80%,"1,141",3%,214,0%,406,1%,0,0%,"3,469",8%,"3,407",8%
"Muskegon, MI","175,824","133,720",76%,"23,908",14%,"1,380",1%,"1,103",1%,40,0%,"3,392",2%,"12,281",7%
"Muskogee, OK","66,339","35,802",54%,"6,622",10%,"12,086",18%,512,1%,39,0%,"2,152",3%,"9,126",14%
"Myrtle Beach-Conway-North Myrtle Beach, SC-NC","487,722","383,043",79%,"51,429",11%,"2,505",1%,"5,565",1%,412,0%,"15,816",3%,"28,952",6%
"Nacogdoches, TX","64,653","40,228",62%,"10,709",17%,414,1%,767,1%,12,0%,"6,793",11%,"5,730",9%
"Napa, CA","138,019","76,158",55%,"2,443",2%,"1,949",1%,"10,753",8%,348,0%,"25,631",19%,"20,737",15%
"Naples-Marco Island, FL","375,752","257,007",68%,"23,349",6%,"2,050",1%,"5,571",1%,92,0%,"32,747",9%,"54,936",15%
"Nashville-Davidson--Murfreesboro--Franklin, TN","1,989,519","1,393,064",70%,"284,784",14%,"8,954",0%,"61,536",3%,"1,007",0%,"100,773",5%,"139,401",7%
"Natchez, MS-LA","48,225","21,269",44%,"24,303",50%,116,0%,282,1%,8,0%,941,2%,"1,306",3%
"Natchitoches, LA","37,515","19,361",52%,"14,948",40%,326,1%,173,0%,20,0%,805,2%,"1,882",5%
"New Bern, NC","122,168","81,786",67%,"24,844",20%,532,0%,"3,189",3%,180,0%,"3,454",3%,"8,183",7%
"Newberry, SC","37,719","23,263",62%,"10,451",28%,231,1%,145,0%,4,0%,"1,802",5%,"1,823",5%
"New Castle, IN","48,914","45,401",93%,"1,071",2%,84,0%,198,0%,8,0%,525,1%,"1,627",3%
"New Castle, PA","86,070","76,303",89%,"3,664",4%,103,0%,323,0%,7,0%,652,1%,"5,018",6%
"New Haven-Milford, CT","864,835","543,831",63%,"118,933",14%,"4,058",0%,"37,520",4%,470,0%,"77,660",9%,"82,363",10%
"New Orleans-Metairie, LA","1,271,845","640,222",50%,"423,909",33%,"6,113",0%,"37,355",3%,499,0%,"61,127",5%,"102,620",8%
"New Philadelphia-Dover, OH","93,263","85,679",92%,724,1%,967,1%,306,0%,29,0%,"1,727",2%,"3,831",4%
"Newport, OR","50,395","40,624",81%,199,0%,"1,795",4%,658,1%,95,0%,"2,140",4%,"4,884",10%
"Newport, TN","35,999","33,028",92%,583,2%,162,0%,164,0%,11,0%,304,1%,"1,747",5%
"New Ulm, MN","25,912","24,321",94%,128,0%,51,0%,127,0%,6,0%,401,2%,878,3%
"New York-Newark-Jersey City, NY-NJ-PA","20,140,470","9,372,521",47%,"3,237,789",16%,"151,374",1%,"2,509,372",12%,"10,534",0%,"2,849,324",14%,"2,009,556",10%
"Niles, MI","154,316","113,608",74%,"21,420",14%,943,1%,"3,189",2%,120,0%,"4,291",3%,"10,745",7%
"Nogales, AZ","47,669","15,929",33%,187,0%,457,1%,304,1%,19,0%,"13,762",29%,"17,011",36%
"Norfolk, NE","48,744","41,199",85%,467,1%,587,1%,482,1%,18,0%,"2,759",6%,"3,232",7%
"North Platte, NE","35,791","31,732",89%,427,1%,219,1%,331,1%,7,0%,940,3%,"2,135",6%
"North Port-Sarasota-Bradenton, FL","833,716","648,241",78%,"48,902",6%,"2,962",0%,"17,070",2%,457,0%,"41,084",5%,"75,000",9%
"North Vernon, IN","27,613","25,880",94%,178,1%,73,0%,51,0%,6,0%,402,1%,"1,023",4%
"North Wilkesboro, NC","65,969","57,105",87%,"2,634",4%,218,0%,325,0%,11,0%,"2,725",4%,"2,951",4%
"Norwalk, OH","58,565","52,412",89%,605,1%,201,0%,221,0%,14,0%,"1,465",3%,"3,647",6%
"Norwich-New London, CT","268,555","201,548",75%,"16,026",6%,"2,488",1%,"10,814",4%,255,0%,"13,210",5%,"24,214",9%
"Oak Harbor, WA","86,857","67,928",78%,"2,399",3%,717,1%,"4,019",5%,440,1%,"2,346",3%,"9,008",10%
"Ocala, FL","375,908","268,563",71%,"44,411",12%,"1,527",0%,"6,072",2%,171,0%,"17,865",5%,"37,299",10%
"Ocean City, NJ","95,263","81,536",86%,"3,567",4%,253,0%,908,1%,28,0%,"3,296",3%,"5,675",6%
"Odessa, TX","165,171","79,965",48%,"8,031",5%,"1,657",1%,"2,339",1%,356,0%,"34,223",21%,"38,600",23%
"Ogden-Clearfield, UT","694,863","570,223",82%,"8,179",1%,"5,797",1%,"11,507",2%,"4,482",1%,"39,199",6%,"55,476",8%
"Ogdensburg-Massena, NY","108,505","97,530",90%,"3,074",3%,"1,194",1%,"1,105",1%,34,0%,"1,005",1%,"4,563",4%
"Oil City, PA","50,454","47,324",94%,444,1%,83,0%,172,0%,10,0%,206,0%,"2,215",4%
"Okeechobee, FL","39,644","27,333",69%,"3,405",9%,404,1%,335,1%,14,0%,"4,021",10%,"4,132",10%
"Oklahoma City, OK","1,425,695","891,675",63%,"146,494",10%,"57,257",4%,"46,662",3%,"1,814",0%,"101,957",7%,"179,836",13%
"Olean, NY","77,042","68,128",88%,"1,043",1%,"2,706",4%,567,1%,14,0%,571,1%,"4,013",5%
"Olympia-Lacey-Tumwater, WA","294,793","215,798",73%,"9,403",3%,"4,458",2%,"17,268",6%,"3,347",1%,"10,359",4%,"34,160",12%
"Omaha-Council Bluffs, NE-IA","967,604","724,754",75%,"74,428",8%,"7,726",1%,"33,798",3%,850,0%,"48,466",5%,"77,582",8%
"Oneonta, NY","58,524","52,403",90%,"1,286",2%,121,0%,827,1%,11,0%,748,1%,"3,128",5%
"Ontario, OR-ID","56,957","42,050",74%,531,1%,869,2%,622,1%,88,0%,"6,925",12%,"5,872",10%
"Opelousas, LA","82,540","43,611",53%,"34,360",42%,202,0%,380,0%,13,0%,"1,206",1%,"2,768",3%
"Orangeburg, SC","84,223","28,070",33%,"51,046",61%,517,1%,895,1%,39,0%,"1,171",1%,"2,485",3%
"Orlando-Kissimmee-Sanford, FL","2,673,376","1,346,558",50%,"410,855",15%,"11,829",0%,"124,332",5%,"2,423",0%,"304,035",11%,"473,344",18%
"Oshkosh-Neenah, WI","171,730","148,041",86%,"5,099",3%,"1,125",1%,"5,601",3%,53,0%,"3,130",2%,"8,681",5%
"Oskaloosa, IA","22,190","20,453",92%,394,2%,41,0%,253,1%,15,0%,151,1%,883,4%
"Othello, WA","20,613","9,164",44%,41,0%,439,2%,135,1%,13,0%,"7,286",35%,"3,535",17%
"Ottawa, IL","148,539","128,380",86%,"2,934",2%,606,0%,"1,178",1%,43,0%,"5,222",4%,"10,176",7%
"Ottawa, KS","25,996","23,187",89%,305,1%,220,1%,108,0%,7,0%,381,1%,"1,788",7%
"Ottumwa, IA","35,437","28,180",80%,"1,469",4%,232,1%,629,2%,520,1%,"2,372",7%,"2,035",6%
"Owatonna, MN","37,406","32,151",86%,"1,373",4%,120,0%,342,1%,22,0%,"1,413",4%,"1,985",5%
"Owensboro, KY","121,559","105,786",87%,"5,000",4%,276,0%,"2,478",2%,61,0%,"2,050",2%,"5,908",5%
"Oxford, MS","55,813","39,274",70%,"11,381",20%,84,0%,"1,685",3%,24,0%,930,2%,"2,435",4%
"Oxnard-Thousand Oaks-Ventura, CA","843,843","428,677",51%,"15,330",2%,"14,573",2%,"64,923",8%,"1,723",0%,"173,436",21%,"145,181",17%
"Ozark, AL","49,326","33,429",68%,"10,241",21%,270,1%,671,1%,52,0%,"1,243",3%,"3,420",7%
"Paducah, KY-IL","98,660","81,873",83%,"8,718",9%,289,0%,755,1%,30,0%,"1,234",1%,"5,761",6%
"Pahrump, NV","51,591","39,153",76%,"1,573",3%,809,2%,"1,060",2%,245,0%,"3,320",6%,"5,431",11%
"Palatka, FL","73,321","52,345",71%,"11,444",16%,434,1%,481,1%,39,0%,"3,350",5%,"5,228",7%
"Palestine, TX","57,922","34,922",60%,"11,577",20%,357,1%,392,1%,13,0%,"7,066",12%,"3,595",6%
"Palm Bay-Melbourne-Titusville, FL","606,612","448,180",74%,"58,692",10%,"2,293",0%,"15,913",3%,544,0%,"20,172",3%,"60,818",10%
"Pampa, TX","22,054","15,368",70%,870,4%,208,1%,128,1%,0,0%,"2,681",12%,"2,799",13%
"Panama City, FL","175,216","131,304",75%,"17,856",10%,"1,033",1%,"4,138",2%,208,0%,"5,349",3%,"15,328",9%
"Paragould, AR","45,736","41,038",90%,933,2%,163,0%,181,0%,292,1%,699,2%,"2,430",5%
"Paris, TN","32,199","27,529",85%,"2,339",7%,96,0%,212,1%,7,0%,417,1%,"1,599",5%
"Paris, TX","50,088","36,479",73%,"6,446",13%,870,2%,481,1%,32,0%,"1,899",4%,"3,881",8%
"Parkersburg-Vienna, WV","89,490","83,183",93%,"1,046",1%,178,0%,564,1%,27,0%,413,0%,"4,079",5%
"Parsons, KS","20,184","16,464",82%,867,4%,451,2%,91,0%,9,0%,264,1%,"2,038",10%
"Payson, AZ","53,272","35,904",67%,282,1%,"8,928",17%,445,1%,48,0%,"3,073",6%,"4,592",9%
"Pearsall, TX","18,385","8,518",46%,719,4%,130,1%,199,1%,9,0%,"5,020",27%,"3,790",21%
"Pecos, TX","14,812","8,129",55%,290,2%,102,1%,169,1%,3,0%,"2,432",16%,"3,687",25%
"Pella, IA","33,414","31,156",93%,292,1%,69,0%,401,1%,21,0%,217,1%,"1,258",4%
"Pensacola-Ferry Pass-Brent, FL","509,905","358,115",70%,"80,013",16%,"3,664",1%,"13,967",3%,829,0%,"11,114",2%,"42,203",8%
"Peoria, IL","402,391","326,706",81%,"37,207",9%,"1,051",0%,"9,221",2%,137,0%,"6,823",2%,"21,246",5%
"Peru, IN","35,962","31,502",88%,"1,805",5%,310,1%,131,0%,5,0%,552,2%,"1,657",5%
"Philadelphia-Camden-Wilmington, PA-NJ-DE-MD","6,245,051","3,793,090",61%,"1,273,120",20%,"18,986",0%,"414,000",7%,"2,395",0%,"320,756",5%,"422,704",7%
"Phoenix-Mesa-Chandler, AZ","4,845,832","2,914,770",60%,"282,437",6%,"121,773",3%,"210,414",4%,"12,185",0%,"648,602",13%,"655,651",14%
"Picayune, MS","56,145","44,833",80%,"6,710",12%,296,1%,283,1%,2,0%,694,1%,"3,327",6%
"Pierre, SD","20,745","16,800",81%,103,0%,"2,331",11%,138,1%,13,0%,184,1%,"1,176",6%
"Pine Bluff, AR","87,751","40,268",46%,"42,173",48%,316,0%,703,1%,104,0%,"1,340",2%,"2,847",3%
"Pinehurst-Southern Pines, NC","99,727","77,010",77%,"10,671",11%,825,1%,"1,264",1%,60,0%,"3,341",3%,"6,556",7%
"Pittsburg, KS","38,972","32,587",84%,913,2%,373,1%,461,1%,193,0%,"1,271",3%,"3,174",8%
"Pittsburgh, PA","2,370,930","1,961,483",83%,"199,469",8%,"3,385",0%,"68,267",3%,734,0%,"21,019",1%,"116,573",5%
"Pittsfield, MA","129,026","110,862",86%,"4,296",3%,287,0%,"2,019",2%,24,0%,"3,211",2%,"8,327",6%
"Plainview, TX","32,522","16,925",52%,"1,496",5%,304,1%,164,1%,32,0%,"7,347",23%,"6,254",19%
"Platteville, WI","51,938","48,710",94%,684,1%,129,0%,413,1%,8,0%,544,1%,"1,450",3%
"Plattsburgh, NY","79,843","70,142",88%,"3,060",4%,285,0%,975,1%,26,0%,"1,010",1%,"4,345",5%
"Plymouth, IN","46,095","40,306",87%,223,0%,187,0%,280,1%,7,0%,"2,326",5%,"2,766",6%
"Pocatello, ID","94,896","78,085",82%,768,1%,"3,326",4%,"1,215",1%,279,0%,"4,507",5%,"6,716",7%
"Point Pleasant, WV-OH","54,673","51,450",94%,793,1%,103,0%,231,0%,10,0%,181,0%,"1,905",3%
"Ponca City, OK","43,700","31,801",73%,879,2%,"4,427",10%,254,1%,277,1%,"1,363",3%,"4,699",11%
"Ponce, PR","224,142","40,295",18%,"12,488",6%,"1,216",1%,202,0%,19,0%,"56,578",25%,"113,344",51%
"Pontiac, IL","35,815","32,068",90%,"1,113",3%,77,0%,171,0%,1,0%,751,2%,"1,634",5%
"Poplar Bluff, MO","52,809","45,975",87%,"2,519",5%,249,0%,333,1%,17,0%,375,1%,"3,341",6%
"Portales, NM","19,191","11,910",62%,504,3%,244,1%,189,1%,18,0%,"3,220",17%,"3,106",16%
"Port Angeles, WA","77,155","62,450",81%,615,1%,"4,346",6%,"1,263",2%,119,0%,"1,676",2%,"6,686",9%
"Portland-South Portland, ME","551,740","493,780",89%,"14,532",3%,"1,601",0%,"9,982",2%,163,0%,"4,653",1%,"27,029",5%
"Portland-Vancouver-Hillsboro, OR-WA","2,512,859","1,795,557",71%,"76,054",3%,"27,292",1%,"178,384",7%,"15,724",1%,"151,327",6%,"268,521",11%
"Port Lavaca, TX","20,106","11,356",56%,426,2%,116,1%,"1,115",6%,4,0%,"2,435",12%,"4,654",23%
"Port St. Lucie, FL","487,657","316,667",65%,"73,989",15%,"2,621",1%,"8,109",2%,245,0%,"31,401",6%,"54,625",11%
"Portsmouth, OH","74,008","67,925",92%,"2,075",3%,264,0%,274,0%,12,0%,527,1%,"2,931",4%
"Pottsville, PA","143,049","128,205",90%,"4,394",3%,248,0%,761,1%,30,0%,"3,747",3%,"5,664",4%
"Poughkeepsie-Newburgh-Middletown, NY","697,221","455,336",65%,"77,832",11%,"4,261",1%,"22,806",3%,259,0%,"70,403",10%,"66,324",10%
"Prescott Valley-Prescott, AZ","236,209","192,507",81%,"1,543",1%,"4,283",2%,"2,932",1%,294,0%,"12,411",5%,"22,239",9%
"Price, UT","20,412","17,643",86%,61,0%,270,1%,65,0%,29,0%,692,3%,"1,652",8%
"Prineville, OR","24,738","21,349",86%,80,0%,317,1%,114,0%,30,0%,832,3%,"2,016",8%
"Providence-Warwick, RI-MA","1,676,579","1,238,683",74%,"87,836",5%,"9,828",1%,"52,740",3%,707,0%,"134,309",8%,"152,476",9%
"Provo-Orem, UT","671,185","548,729",82%,"4,421",1%,"4,700",1%,"10,447",2%,"6,766",1%,"36,348",5%,"59,774",9%
"Pueblo, CO","168,162","108,805",65%,"3,642",2%,"3,867",2%,"1,730",1%,208,0%,"20,226",12%,"29,684",18%
"Pullman, WA","47,973","36,586",76%,"1,203",3%,338,1%,"3,646",8%,155,0%,"1,509",3%,"4,536",9%
"Punta Gorda, FL","186,847","157,543",84%,"9,268",5%,517,0%,"2,627",1%,72,0%,"3,876",2%,"12,944",7%
"Quincy, IL-MO","75,769","68,199",90%,"2,686",4%,138,0%,535,1%,39,0%,616,1%,"3,556",5%
"Racine, WI","197,727","142,438",72%,"23,303",12%,"1,061",1%,"2,316",1%,59,0%,"10,690",5%,"17,860",9%
"Raleigh-Cary, NC","1,413,982","849,730",60%,"258,213",18%,"8,014",1%,"99,393",7%,699,0%,"90,578",6%,"107,355",8%
"Rapid City, SD","139,074","110,285",79%,"1,866",1%,"12,593",9%,"1,773",1%,135,0%,"1,677",1%,"10,745",8%
"Raymondville, TX","20,164","8,743",43%,497,2%,149,1%,165,1%,2,0%,"4,410",22%,"6,198",31%
"Reading, PA","428,849","309,107",72%,"21,992",5%,"2,252",1%,"6,413",1%,170,0%,"50,270",12%,"38,645",9%
"Red Bluff, CA","65,829","44,926",68%,420,1%,"1,881",3%,"1,027",2%,132,0%,"9,599",15%,"7,844",12%
"Redding, CA","182,155","142,899",78%,"1,912",1%,"4,911",3%,"5,978",3%,371,0%,"6,523",4%,"19,561",11%
"Red Wing, MN","47,582","42,850",90%,685,1%,614,1%,348,1%,33,0%,902,2%,"2,150",5%
"Reno, NV","490,596","315,196",64%,"12,319",3%,"9,059",2%,"28,866",6%,"3,478",1%,"58,085",12%,"63,593",13%
"Rexburg, ID","66,301","56,836",86%,757,1%,338,1%,"1,005",2%,256,0%,"3,513",5%,"3,596",5%
"Richmond, IN","66,553","57,392",86%,"3,076",5%,203,0%,717,1%,17,0%,"1,343",2%,"3,805",6%
"Richmond, VA","1,314,434","742,863",57%,"364,714",28%,"6,188",0%,"57,088",4%,826,0%,"58,210",4%,"84,545",6%
"Richmond-Berea, KY","106,864","94,223",88%,"3,993",4%,301,0%,"1,013",1%,60,0%,"1,248",1%,"6,026",6%
"Rio Grande City-Roma, TX","65,920","21,839",33%,66,0%,253,0%,111,0%,1,0%,"12,623",19%,"31,027",47%
"Riverside-San Bernardino-Ontario, CA","4,599,839","1,778,318",39%,"341,035",7%,"85,471",2%,"353,530",8%,"15,577",0%,"1,258,383",27%,"767,525",17%
"Riverton, WY","39,234","27,238",69%,192,0%,"8,190",21%,217,1%,11,0%,693,2%,"2,693",7%
"Roanoke, VA","315,251","241,056",76%,"40,035",13%,932,0%,"7,034",2%,120,0%,"8,103",3%,"17,971",6%
"Roanoke Rapids, NC","66,093","26,219",40%,"34,535",52%,"1,715",3%,311,0%,15,0%,"1,070",2%,"2,228",3%
"Rochelle, IL","51,788","44,519",86%,578,1%,279,1%,263,1%,1,0%,"2,359",5%,"3,789",7%
"Rochester, MN","226,329","186,221",82%,"11,470",5%,749,0%,"10,556",5%,92,0%,"4,946",2%,"12,295",5%
"Rochester, NY","1,090,135","813,832",75%,"127,406",12%,"3,039",0%,"35,404",3%,338,0%,"36,840",3%,"73,276",7%
"Rockford, IL","338,798","229,890",68%,"40,404",12%,"2,130",1%,"8,698",3%,108,0%,"25,235",7%,"32,333",10%
"Rockingham, NC","42,946","23,969",56%,"12,881",30%,"1,041",2%,364,1%,20,0%,"2,217",5%,"2,454",6%
"Rockport, TX","23,830","17,996",76%,264,1%,245,1%,501,2%,17,0%,"1,557",7%,"3,250",14%
"Rock Springs, WY","42,272","34,389",81%,366,1%,433,1%,295,1%,70,0%,"2,508",6%,"4,211",10%
"Rocky Mount, NC","143,870","65,009",45%,"64,387",45%,933,1%,"1,028",1%,54,0%,"6,542",5%,"5,917",4%
"Rolla, MO","44,638","38,383",86%,"1,044",2%,261,1%,"1,517",3%,27,0%,484,1%,"2,922",7%
"Rome, GA","98,584","69,485",70%,"14,087",14%,698,1%,"1,289",1%,24,0%,"5,790",6%,"7,211",7%
"Roseburg, OR","111,201","96,048",86%,400,0%,"1,950",2%,"1,231",1%,164,0%,"2,103",2%,"9,305",8%
"Roswell, NM","65,157","36,649",56%,"1,225",2%,903,1%,667,1%,43,0%,"13,399",21%,"12,271",19%
"Ruidoso, NM","20,269","14,263",70%,88,0%,591,3%,162,1%,13,0%,"1,972",10%,"3,180",16%
"Russellville, AR","83,644","66,739",80%,"2,351",3%,806,1%,881,1%,36,0%,"5,941",7%,"6,890",8%
"Ruston, LA","48,396","26,034",54%,"18,729",39%,188,0%,685,1%,5,0%,836,2%,"1,919",4%
"Rutland, VT","60,572","55,453",92%,517,1%,159,0%,460,1%,14,0%,362,1%,"3,607",6%
"Sacramento-Roseville-Folsom, CA","2,397,382","1,258,236",52%,"167,386",7%,"27,479",1%,"356,825",15%,"21,523",1%,"249,330",10%,"316,603",13%
"Safford, AZ","38,533","25,043",65%,537,1%,"5,390",14%,192,0%,20,0%,"3,225",8%,"4,126",11%
"Saginaw, MI","190,124","133,915",70%,"34,615",18%,818,0%,"2,420",1%,85,0%,"5,579",3%,"12,692",7%
"St. Cloud, MN","199,671","167,003",84%,"15,337",8%,860,0%,"3,654",2%,78,0%,"4,041",2%,"8,698",4%
"St. George, UT","180,279","151,777",84%,988,1%,"2,189",1%,"1,866",1%,"1,669",1%,"9,010",5%,"12,780",7%
"St. Joseph, MO-KS","121,467","103,413",85%,"5,519",5%,618,1%,"1,227",1%,461,0%,"2,192",2%,"8,037",7%
"St. Louis, MO-IL","2,820,253","2,007,284",71%,"506,762",18%,"7,737",0%,"82,202",3%,"1,073",0%,"44,807",2%,"170,388",6%
"St. Marys, GA","54,768","38,371",70%,"9,697",18%,261,0%,882,2%,77,0%,"1,176",2%,"4,304",8%
"St. Marys, PA","30,990","29,555",95%,80,0%,22,0%,113,0%,12,0%,98,0%,"1,110",4%
"Salem, OH","101,877","94,155",92%,"2,122",2%,319,0%,346,0%,16,0%,615,1%,"4,304",4%
"Salem, OR","433,353","301,595",70%,"4,896",1%,"8,748",2%,"9,275",2%,"4,182",1%,"52,784",12%,"51,873",12%
"Salina, KS","60,038","48,753",81%,"1,860",3%,371,1%,"1,150",2%,31,0%,"2,292",4%,"5,581",9%
"Salinas, CA","439,035","158,879",36%,"9,943",2%,"12,781",3%,"26,680",6%,"2,132",0%,"150,161",34%,"78,459",18%
"Salisbury, MD-DE","418,046","292,193",70%,"69,088",17%,"2,532",1%,"7,229",2%,163,0%,"19,418",5%,"27,423",7%
"Salt Lake City, UT","1,257,936","908,981",72%,"23,939",2%,"13,915",1%,"51,556",4%,"22,393",2%,"114,329",9%,"122,823",10%
"San Angelo, TX","122,888","80,812",66%,"4,554",4%,"1,072",1%,"1,802",1%,178,0%,"12,792",10%,"21,678",18%
"San Antonio-New Braunfels, TX","2,558,143","1,287,229",50%,"181,016",7%,"27,536",1%,"75,127",3%,"4,282",0%,"357,888",14%,"625,065",24%
"San Diego-Chula Vista-Carlsbad, CA","3,298,634","1,633,129",50%,"155,813",5%,"40,968",1%,"410,752",12%,"15,286",0%,"520,994",16%,"521,692",16%
"Sandpoint, ID","47,110","42,939",91%,118,0%,346,1%,255,1%,42,0%,532,1%,"2,878",6%
"Sandusky, OH","75,622","62,122",82%,"6,807",9%,195,0%,481,1%,11,0%,815,1%,"5,191",7%
"Sanford, NC","63,285","38,413",61%,"10,885",17%,533,1%,663,1%,49,0%,"7,418",12%,"5,324",8%
"San Francisco-Oakland-Berkeley, CA","4,749,008","1,866,480",39%,"335,135",7%,"48,985",1%,"1,306,262",28%,"33,644",1%,"604,026",13%,"554,476",12%
"San Germán, PR","125,100","24,377",19%,"5,120",4%,604,0%,99,0%,40,0%,"28,984",23%,"65,876",53%
"San Jose-Sunnyvale-Santa Clara, CA","2,000,468","649,847",32%,"45,600",2%,"23,789",1%,"761,453",38%,"7,080",0%,"291,761",15%,"220,938",11%
"San Juan-Bayamón-Caguas, PR","2,081,265","327,696",16%,"167,043",8%,"11,975",1%,"3,084",0%,382,0%,"536,126",26%,"1,034,959",50%
"San Luis Obispo-Paso Robles, CA","282,424","198,338",70%,"4,610",2%,"3,159",1%,"10,402",4%,413,0%,"27,444",10%,"38,058",13%
"Santa Cruz-Watsonville, CA","270,861","160,565",59%,"3,150",1%,"3,607",1%,"12,553",5%,384,0%,"51,894",19%,"38,708",14%
"Santa Fe, NM","154,823","88,915",57%,"1,412",1%,"5,558",4%,"2,367",2%,128,0%,"22,348",14%,"34,095",22%
"Santa Isabel, PR","20,281","3,176",16%,"1,673",8%,126,1%,23,0%,10,0%,"6,667",33%,"8,606",42%
"Santa Maria-Santa Barbara, CA","448,229","224,748",50%,"7,374",2%,"9,633",2%,"26,549",6%,703,0%,"99,502",22%,"79,720",18%
"Santa Rosa-Petaluma, CA","488,863","306,684",63%,"7,615",2%,"8,855",2%,"22,845",5%,"1,840",0%,"75,003",15%,"66,021",14%
"Sault Ste. Marie, MI","36,785","24,803",67%,"2,625",7%,"5,669",15%,194,1%,12,0%,198,1%,"3,284",9%
"Savannah, GA","404,798","225,240",56%,"124,644",31%,"1,468",0%,"12,450",3%,549,0%,"13,927",3%,"26,520",7%
"Sayre, PA","59,967","56,026",93%,404,1%,136,0%,465,1%,14,0%,284,0%,"2,638",4%
"Scottsbluff, NE","37,893","29,944",79%,287,1%,775,2%,288,1%,27,0%,"2,695",7%,"3,877",10%
"Scottsboro, AL","52,579","45,480",86%,"1,636",3%,770,1%,214,0%,4,0%,921,2%,"3,554",7%
"Scottsburg, IN","24,384","23,039",94%,92,0%,28,0%,88,0%,17,0%,195,1%,925,4%
"Scranton--Wilkes-Barre, PA","567,559","460,443",81%,"24,809",4%,"1,502",0%,"11,015",2%,150,0%,"33,704",6%,"35,936",6%
"Searcy, AR","76,822","65,237",85%,"3,728",5%,368,0%,623,1%,31,0%,"1,737",2%,"5,098",7%
"Seattle-Tacoma-Bellevue, WA","4,018,762","2,415,355",60%,"246,767",6%,"42,655",1%,"617,399",15%,"43,882",1%,"211,329",5%,"441,375",11%
"Sebastian-Vero Beach, FL","159,788","122,541",77%,"13,367",8%,531,0%,"2,390",1%,68,0%,"6,823",4%,"14,068",9%
"Sebring-Avon Park, FL","101,235","71,549",71%,"9,891",10%,503,0%,"1,644",2%,58,0%,"6,639",7%,"10,951",11%
"Sedalia, MO","42,980","35,508",83%,"1,390",3%,238,1%,296,1%,120,0%,"2,169",5%,"3,259",8%
"Selinsgrove, PA","39,736","37,328",94%,539,1%,50,0%,299,1%,12,0%,313,1%,"1,195",3%
"Selma, AL","38,462","10,409",27%,"26,899",70%,65,0%,146,0%,17,0%,120,0%,806,2%
"Seneca, SC","78,607","65,766",84%,"5,193",7%,301,0%,591,1%,24,0%,"2,095",3%,"4,637",6%
"Seneca Falls, NY","33,814","29,737",88%,"1,414",4%,162,0%,269,1%,3,0%,454,1%,"1,775",5%
"Sevierville, TN","98,380","85,656",87%,812,1%,454,0%,"1,122",1%,24,0%,"4,288",4%,"6,024",6%
"Seymour, IN","46,428","38,701",83%,501,1%,462,1%,471,1%,12,0%,"2,962",6%,"3,319",7%
"Shawano, WI","45,136","35,179",78%,128,0%,"7,098",16%,167,0%,9,0%,491,1%,"2,064",5%
"Shawnee, OK","72,454","50,484",70%,"2,242",3%,"9,145",13%,514,1%,47,0%,"1,457",2%,"8,565",12%
"Sheboygan, WI","118,034","98,204",83%,"2,539",2%,540,0%,"6,913",6%,21,0%,"3,400",3%,"6,417",5%
"Shelby, NC","99,519","71,076",71%,"20,159",20%,277,0%,861,1%,25,0%,"2,091",2%,"5,030",5%
"Shelbyville, TN","50,237","37,996",76%,"3,641",7%,426,1%,341,1%,27,0%,"4,539",9%,"3,267",7%
"Shelton, WA","65,726","51,023",78%,713,1%,"2,632",4%,783,1%,224,0%,"3,809",6%,"6,542",10%
"Sheridan, WY","30,921","28,000",91%,115,0%,379,1%,181,1%,19,0%,456,1%,"1,771",6%
"Sherman-Denison, TX","135,543","99,852",74%,"7,663",6%,"2,387",2%,"1,990",1%,83,0%,"9,435",7%,"14,133",10%
"Show Low, AZ","106,717","48,430",45%,760,1%,"47,442",44%,567,1%,86,0%,"3,149",3%,"6,283",6%
"Shreveport-Bossier City, LA","393,406","199,793",51%,"155,018",39%,"2,159",1%,"5,701",1%,245,0%,"9,158",2%,"21,332",5%
"Sidney, OH","48,230","44,280",92%,849,2%,98,0%,451,1%,29,0%,455,1%,"2,068",4%
"Sierra Vista-Douglas, AZ","125,447","81,733",65%,"4,783",4%,"1,510",1%,"2,712",2%,488,0%,"12,678",10%,"21,543",17%
"Sikeston, MO","38,059","30,913",81%,"4,502",12%,103,0%,154,0%,5,0%,383,1%,"1,999",5%
"Silver City, NM","28,185","18,266",65%,309,1%,588,2%,202,1%,21,0%,"3,306",12%,"5,493",19%
"Sioux City, IA-NE-SD","149,940","107,688",72%,"7,000",5%,"3,405",2%,"3,888",3%,842,1%,"12,984",9%,"14,133",9%
"Sioux Falls, SD","276,730","230,775",83%,"12,705",5%,"5,957",2%,"5,637",2%,88,0%,"6,437",2%,"15,131",5%
"Snyder, TX","16,932","10,867",64%,637,4%,126,1%,83,0%,8,0%,"2,846",17%,"2,365",14%
"Somerset, KY","65,034","60,111",92%,695,1%,210,0%,440,1%,13,0%,806,1%,"2,759",4%
"Somerset, PA","74,129","69,290",93%,"1,881",3%,69,0%,200,0%,14,0%,556,1%,"2,119",3%
"Sonora, CA","55,620","44,207",79%,"1,009",2%,984,2%,816,1%,123,0%,"2,808",5%,"5,673",10%
"South Bend-Mishawaka, IN-MI","324,501","238,815",74%,"38,444",12%,"1,897",1%,"6,962",2%,174,0%,"13,093",4%,"25,116",8%
"Spartanburg, SC","327,997","219,423",67%,"64,230",20%,"1,375",0%,"8,297",3%,198,0%,"14,932",5%,"19,542",6%
"Spearfish, SD","25,768","23,319",90%,135,1%,552,2%,196,1%,22,0%,188,1%,"1,356",5%
"Spencer, IA","16,384","15,230",93%,100,1%,56,0%,105,1%,6,0%,265,2%,622,4%
"Spirit Lake, IA","17,703","16,819",95%,79,0%,21,0%,82,0%,1,0%,142,1%,559,3%
"Spokane-Spokane Valley, WA","585,784","482,265",82%,"11,128",2%,"10,772",2%,"12,944",2%,"4,392",1%,"12,609",2%,"51,674",9%
"Springfield, IL","208,640","163,553",78%,"26,042",12%,516,0%,"4,385",2%,67,0%,"1,924",1%,"12,153",6%
"Springfield, MA","699,162","494,916",71%,"47,337",7%,"2,959",0%,"24,338",3%,355,0%,"64,578",9%,"64,679",9%
"Springfield, MO","475,432","411,735",87%,"11,345",2%,"3,264",1%,"7,194",2%,514,0%,"6,755",1%,"34,625",7%
"Springfield, OH","136,001","111,088",82%,"12,200",9%,419,0%,902,1%,93,0%,"2,635",2%,"8,664",6%
"Starkville, MS","61,714","37,332",60%,"20,115",33%,131,0%,"1,520",2%,13,0%,669,1%,"1,934",3%
"State College, PA","158,172","131,212",83%,"5,476",3%,202,0%,"11,404",7%,45,0%,"2,073",1%,"7,760",5%
"Statesboro, GA","81,099","50,718",63%,"23,052",28%,225,0%,"1,303",2%,71,0%,"1,874",2%,"3,856",5%
"Staunton, VA","125,433","105,911",84%,"8,723",7%,312,0%,"1,050",1%,69,0%,"2,509",2%,"6,859",5%
"Steamboat Springs, CO","24,829","21,726",88%,156,1%,116,0%,176,1%,38,0%,792,3%,"1,825",7%
"Stephenville, TX","42,545","32,674",77%,"1,247",3%,416,1%,353,1%,14,0%,"3,652",9%,"4,189",10%
"Sterling, CO","21,528","17,261",80%,765,4%,231,1%,128,1%,23,0%,"1,618",8%,"1,502",7%
"Sterling, IL","55,691","47,759",86%,839,2%,235,0%,311,1%,12,0%,"2,134",4%,"4,401",8%
"Stevens Point, WI","70,377","62,967",89%,945,1%,298,0%,"2,263",3%,16,0%,932,1%,"2,956",4%
"Stillwater, OK","81,646","60,654",74%,"3,195",4%,"3,797",5%,"2,673",3%,59,0%,"1,916",2%,"9,352",11%
"Stockton, CA","779,233","267,339",34%,"60,351",8%,"12,107",2%,"139,323",18%,"5,567",1%,"181,741",23%,"112,805",14%
"Storm Lake, IA","20,823","12,597",60%,591,3%,124,1%,"1,907",9%,620,3%,"2,786",13%,"2,198",11%
"Sturgis, MI","60,939","51,530",85%,"1,367",2%,277,0%,414,1%,9,0%,"3,198",5%,"4,144",7%
"Sulphur Springs, TX","36,787","27,514",75%,"2,405",7%,321,1%,290,1%,12,0%,"3,079",8%,"3,166",9%
"Summerville, GA","24,965","20,293",81%,"2,408",10%,98,0%,102,0%,0,0%,860,3%,"1,204",5%
"Sumter, SC","136,700","62,887",46%,"62,795",46%,558,0%,"1,662",1%,98,0%,"2,436",2%,"6,264",5%
"Sunbury, PA","91,647","82,821",90%,"2,579",3%,169,0%,457,0%,24,0%,"1,847",2%,"3,750",4%
"Susanville, CA","32,730","21,066",64%,"2,277",7%,"1,088",3%,494,2%,285,1%,"4,930",15%,"2,590",8%
"Sweetwater, TX","14,738","10,235",69%,712,5%,108,1%,104,1%,5,0%,"1,550",11%,"2,024",14%
"Syracuse, NY","662,057","522,000",79%,"59,651",9%,"4,338",1%,"21,785",3%,180,0%,"11,433",2%,"42,670",6%
"Tahlequah, OK","47,078","20,787",44%,537,1%,"16,271",35%,311,1%,21,0%,"1,468",3%,"7,683",16%
"Talladega-Sylacauga, AL","82,149","51,214",62%,"26,439",32%,209,0%,395,0%,27,0%,957,1%,"2,908",4%
"Tallahassee, FL","384,298","214,382",56%,"121,168",32%,"1,246",0%,"10,975",3%,210,0%,"9,886",3%,"26,431",7%
"Tampa-St. Petersburg-Clearwater, FL","3,175,275","2,045,966",64%,"375,855",12%,"13,821",0%,"124,691",4%,"2,499",0%,"196,803",6%,"415,640",13%
"Taos, NM","34,489","19,084",55%,173,1%,"2,289",7%,210,1%,15,0%,"5,130",15%,"7,588",22%
"Taylorville, IL","34,032","31,437",92%,390,1%,62,0%,179,1%,3,0%,786,2%,"1,175",3%
"Terre Haute, IN","185,031","163,572",88%,"8,428",5%,556,0%,"2,221",1%,53,0%,"2,038",1%,"8,163",4%
"Texarkana, TX-AR","147,519","94,232",64%,"36,417",25%,"1,205",1%,"1,322",1%,97,0%,"5,187",4%,"9,059",6%
"The Dalles, OR","26,670","19,821",74%,133,0%,"1,119",4%,252,1%,195,1%,"2,153",8%,"2,997",11%
"The Villages, FL","129,752","112,058",86%,"8,593",7%,386,0%,"1,256",1%,41,0%,"1,906",1%,"5,512",4%
"Thomaston, GA","27,700","18,141",65%,"7,899",29%,93,0%,151,1%,1,0%,363,1%,"1,052",4%
"Thomasville, GA","45,798","26,375",58%,"16,343",36%,189,0%,424,1%,9,0%,724,2%,"1,734",4%
"Tiffin, OH","55,069","49,358",90%,"1,380",3%,120,0%,363,1%,37,0%,891,2%,"2,920",5%
"Tifton, GA","41,344","23,237",56%,"12,131",29%,136,0%,651,2%,2,0%,"2,769",7%,"2,418",6%
"Toccoa, GA","26,784","21,589",81%,"2,976",11%,94,0%,229,1%,11,0%,300,1%,"1,585",6%
"Toledo, OH","646,604","485,815",75%,"88,878",14%,"1,969",0%,"10,276",2%,162,0%,"14,223",2%,"45,281",7%
"Topeka, KS","233,152","180,931",78%,"14,481",6%,"3,642",2%,"2,668",1%,236,0%,"8,844",4%,"22,350",10%
"Torrington, CT","185,186","158,774",86%,"3,348",2%,511,0%,"3,486",2%,67,0%,"5,995",3%,"13,005",7%
"Traverse City, MI","153,448","139,944",91%,769,1%,"1,969",1%,"1,065",1%,63,0%,"1,596",1%,"8,042",5%
"Trenton-Princeton, NJ","387,340","178,447",46%,"74,993",19%,"2,442",1%,"48,537",13%,206,0%,"49,572",13%,"33,143",9%
"Troy, AL","33,009","18,275",55%,"12,138",37%,192,1%,588,2%,21,0%,439,1%,"1,356",4%
"Truckee-Grass Valley, CA","102,241","85,604",84%,460,0%,"1,012",1%,"1,427",1%,147,0%,"3,494",3%,"10,097",10%
"Tucson, AZ","1,043,433","633,382",61%,"39,954",4%,"34,593",3%,"31,367",3%,"2,229",0%,"127,663",12%,"174,245",17%
"Tullahoma-Manchester, TN","107,124","92,972",87%,"4,205",4%,410,0%,998,1%,60,0%,"2,478",2%,"6,001",6%
"Tulsa, OK","1,015,331","622,751",61%,"80,459",8%,"82,662",8%,"28,894",3%,"1,290",0%,"55,185",5%,"144,090",14%
"Tupelo, MS","163,398","119,040",73%,"33,667",21%,449,0%,"1,115",1%,35,0%,"3,402",2%,"5,690",3%
"Tuscaloosa, AL","268,674","154,621",58%,"91,160",34%,"1,034",0%,"3,363",1%,119,0%,"6,700",2%,"11,677",4%
"Twin Falls, ID","114,283","88,627",78%,"1,105",1%,"1,374",1%,"1,528",1%,239,0%,"10,279",9%,"11,131",10%
"Tyler, TX","233,479","144,539",62%,"38,593",17%,"1,656",1%,"4,188",2%,106,0%,"21,961",9%,"22,436",10%
"Ukiah, CA","91,601","59,510",65%,642,1%,"4,679",5%,"1,788",2%,138,0%,"12,777",14%,"12,067",13%
"Union, SC","27,244","17,388",64%,"8,485",31%,58,0%,78,0%,9,0%,180,1%,"1,046",4%
"Union City, TN","30,787","25,009",81%,"3,159",10%,67,0%,103,0%,0,0%,877,3%,"1,572",5%
"Urbana, OH","38,714","35,615",92%,688,2%,91,0%,129,0%,7,0%,238,1%,"1,946",5%
"Urban Honolulu, HI","1,016,508","188,462",19%,"20,723",2%,"2,278",0%,"436,853",43%,"102,099",10%,"17,407",2%,"248,686",24%
"Utica-Rome, NY","292,264","240,288",82%,"16,943",6%,800,0%,"10,996",4%,128,0%,"6,349",2%,"16,760",6%
"Uvalde, TX","24,564","12,584",51%,159,1%,133,1%,162,1%,8,0%,"4,012",16%,"7,506",31%
"Valdosta, GA","148,126","79,821",54%,"52,478",35%,633,0%,"2,111",1%,143,0%,"4,417",3%,"8,523",6%
"Vallejo, CA","453,491","175,768",39%,"62,157",14%,"5,388",1%,"72,766",16%,"4,162",1%,"66,793",15%,"66,457",15%
"Van Wert, OH","28,931","26,833",93%,265,1%,58,0%,89,0%,13,0%,459,2%,"1,214",4%
"Vermillion, SD","14,967","12,809",86%,235,2%,600,4%,361,2%,4,0%,158,1%,800,5%
"Vernal, UT","35,620","29,607",83%,98,0%,"2,432",7%,169,0%,97,0%,"1,002",3%,"2,215",6%
"Vernon, TX","12,887","8,092",63%,"1,062",8%,177,1%,571,4%,0,0%,"1,635",13%,"1,350",10%
"Vicksburg, MS","44,722","21,126",47%,"21,417",48%,80,0%,365,1%,0,0%,353,1%,"1,381",3%
"Victoria, TX","98,331","58,212",59%,"6,005",6%,757,1%,"1,459",1%,43,0%,"12,357",13%,"19,498",20%
"Vidalia, GA","35,640","22,349",63%,"9,156",26%,126,0%,248,1%,8,0%,"2,085",6%,"1,668",5%
"Vincennes, IN","36,282","33,366",92%,714,2%,75,0%,283,1%,13,0%,450,1%,"1,381",4%
"Vineland-Bridgeton, NJ","154,152","74,606",48%,"28,581",19%,"2,382",2%,"2,108",1%,19,0%,"28,050",18%,"18,406",12%
"Vineyard Haven, MA","20,600","16,321",79%,813,4%,214,1%,185,1%,10,0%,830,4%,"2,227",11%
"Virginia Beach-Norfolk-Newport News, VA-NC","1,799,674","971,907",54%,"544,740",30%,"8,043",0%,"73,979",4%,"2,913",0%,"51,699",3%,"146,393",8%
"Visalia, CA","473,117","186,255",39%,"6,668",1%,"10,645",2%,"17,194",4%,723,0%,"165,230",35%,"86,402",18%
"Wabash, IN","30,976","28,937",93%,160,1%,149,0%,161,1%,9,0%,378,1%,"1,182",4%
"Waco, TX","277,547","166,345",60%,"41,310",15%,"2,625",1%,"5,066",2%,197,0%,"29,974",11%,"32,030",12%
"Wahpeton, ND-MN","23,035","20,867",91%,197,1%,563,2%,137,1%,25,0%,306,1%,940,4%
"Walla Walla, WA","62,584","45,471",73%,"1,056",2%,696,1%,943,2%,137,0%,"7,087",11%,"7,194",11%
"Wapakoneta, OH","46,422","43,929",95%,240,1%,86,0%,255,1%,41,0%,271,1%,"1,600",3%
"Warner Robins, GA","191,614","101,018",53%,"64,829",34%,684,0%,"5,174",3%,160,0%,"6,434",3%,"13,315",7%
"Warren, PA","38,587","36,447",94%,149,0%,76,0%,157,0%,5,0%,130,0%,"1,623",4%
"Warrensburg, MO","54,013","45,354",84%,"2,369",4%,305,1%,844,2%,215,0%,723,1%,"4,203",8%
"Warsaw, IN","80,240","69,590",87%,707,1%,275,0%,"1,353",2%,24,0%,"3,738",5%,"4,553",6%
"Washington, IN","33,381","30,340",91%,638,2%,69,0%,133,0%,8,0%,859,3%,"1,334",4%
"Washington, NC","44,652","29,817",67%,"10,303",23%,168,0%,166,0%,16,0%,"2,352",5%,"1,830",4%
"Washington-Arlington-Alexandria, DC-VA-MD-WV","6,385,162","2,844,091",45%,"1,562,340",24%,"40,077",1%,"699,566",11%,"4,609",0%,"591,072",9%,"643,407",10%
"Washington Court House, OH","28,951","26,523",92%,543,2%,69,0%,171,1%,11,0%,235,1%,"1,399",5%
"Waterloo-Cedar Falls, IA","168,461","138,265",82%,"13,964",8%,478,0%,"3,647",2%,856,1%,"2,988",2%,"8,263",5%
"Watertown, SD","34,489","31,818",92%,121,0%,737,2%,210,1%,15,0%,434,1%,"1,154",3%
"Watertown-Fort Atkinson, WI","84,900","75,145",89%,888,1%,365,0%,672,1%,27,0%,"2,858",3%,"4,945",6%
"Watertown-Fort Drum, NY","116,721","96,244",82%,"6,707",6%,594,1%,"2,248",2%,309,0%,"2,341",2%,"8,278",7%
"Wauchula, FL","25,327","14,821",59%,"2,179",9%,189,1%,172,1%,8,0%,"3,592",14%,"4,366",17%
"Wausau-Weston, WI","166,428","146,811",88%,"1,350",1%,768,0%,"8,614",5%,38,0%,"2,029",1%,"6,818",4%
"Waycross, GA","55,967","39,280",70%,"12,371",22%,178,0%,416,1%,20,0%,"1,420",3%,"2,282",4%
"Weatherford, OK","28,513","20,025",70%,823,3%,"1,945",7%,311,1%,12,0%,"1,937",7%,"3,460",12%
"Weirton-Steubenville, WV-OH","116,903","104,530",89%,"4,758",4%,211,0%,509,0%,42,0%,688,1%,"6,165",5%
"Wenatchee, WA","122,012","83,131",68%,446,0%,"1,490",1%,"1,221",1%,186,0%,"20,933",17%,"14,605",12%
"West Plains, MO","39,750","36,329",91%,194,0%,291,1%,222,1%,23,0%,259,1%,"2,432",6%
"West Point, MS","18,636","7,212",39%,"10,803",58%,39,0%,57,0%,1,0%,136,1%,388,2%
"Wheeling, WV-OH","139,513","127,397",91%,"4,042",3%,205,0%,766,1%,38,0%,747,1%,"6,318",5%
"Whitewater, WI","106,478","90,957",85%,"1,223",1%,479,0%,"1,016",1%,15,0%,"4,948",5%,"7,840",7%
"Wichita, KS","647,610","464,468",72%,"48,849",8%,"7,657",1%,"23,850",4%,625,0%,"35,004",5%,"67,157",10%
"Wichita Falls, TX","148,128","103,447",70%,"13,958",9%,"1,645",1%,"2,816",2%,181,0%,"10,933",7%,"15,148",10%
"Williamsport, PA","114,188","100,428",88%,"5,835",5%,221,0%,933,1%,31,0%,"1,006",1%,"5,734",5%
"Williston, ND","40,950","31,854",78%,"2,096",5%,"1,199",3%,636,2%,101,0%,"1,527",4%,"3,537",9%
"Willmar, MN","43,732","35,004",80%,"2,649",6%,218,0%,590,1%,37,0%,"2,233",5%,"3,001",7%
"Wilmington, NC","285,905","216,142",76%,"35,005",12%,"1,392",0%,"3,857",1%,185,0%,"10,962",4%,"18,362",6%
"Wilmington, OH","42,018","38,484",92%,832,2%,104,0%,206,0%,6,0%,433,1%,"1,953",5%
"Wilson, NC","78,784","37,341",47%,"30,097",38%,489,1%,900,1%,25,0%,"5,661",7%,"4,271",5%
"Winchester, VA-WV","142,632","113,635",80%,"6,771",5%,605,0%,"2,453",2%,61,0%,"8,504",6%,"10,603",7%
"Winfield, KS","34,549","27,413",79%,895,3%,784,2%,505,1%,179,1%,"1,425",4%,"3,348",10%
"Winnemucca, NV","17,285","12,063",70%,147,1%,697,4%,164,1%,27,0%,"2,167",13%,"2,020",12%
"Winona, MN","49,671","44,638",90%,917,2%,118,0%,933,2%,0,0%,914,2%,"2,151",4%
"Winston-Salem, NC","675,966","452,947",67%,"116,597",17%,"4,137",1%,"12,330",2%,355,0%,"45,383",7%,"44,217",7%
"Wisconsin Rapids-Marshfield, WI","74,207","67,814",91%,579,1%,620,1%,"1,391",2%,35,0%,931,1%,"2,837",4%
"Woodward, OK","24,219","19,405",80%,371,2%,694,3%,141,1%,6,0%,"1,341",6%,"2,261",9%
"Wooster, OH","116,894","107,729",92%,"1,786",2%,197,0%,966,1%,40,0%,"1,155",1%,"5,021",4%
"Worcester, MA-CT","978,529","729,263",75%,"50,425",5%,"3,528",0%,"48,419",5%,272,0%,"62,013",6%,"84,609",9%
"Worthington, MN","22,290","13,109",59%,983,4%,459,2%,"1,362",6%,41,0%,"4,368",20%,"1,968",9%
"Yakima, WA","256,728","124,445",48%,"2,119",1%,"12,979",5%,"3,030",1%,309,0%,"75,079",29%,"38,767",15%
"Yankton, SD","23,310","20,573",88%,317,1%,695,3%,129,1%,9,0%,505,2%,"1,082",5%
"Yauco, PR","86,142","17,592",20%,"4,609",5%,487,1%,41,0%,9,0%,"23,966",28%,"39,438",46%
"York-Hanover, PA","456,438","373,200",82%,"27,999",6%,"1,116",0%,"6,675",1%,182,0%,"18,626",4%,"28,640",6%
"Youngstown-Warren-Boardman, OH-PA","541,243","441,299",82%,"58,424",11%,971,0%,"3,775",1%,127,0%,"7,049",1%,"29,598",5%
"Yuba City, CA","181,208","93,400",52%,"5,034",3%,"3,656",2%,"24,008",13%,724,0%,"30,123",17%,"24,263",13%
"Yuma, AZ","203,881","90,318",44%,"4,099",2%,"3,522",2%,"2,587",1%,283,0%,"51,244",25%,"51,828",25%
"Zanesville, OH","86,410","77,309",89%,"3,032",4%,149,0%,391,0%,8,0%,566,1%,"4,955",6%
"Zapata, TX","13,889","5,421",39%,18,0%,67,0%,16,0%,0,0%,"2,048",15%,"6,319",45%
United States,"331,449,281","204,277,273",62%,"41,104,200",12%,"3,727,135",1%,"19,886,049",6%,"689,966",0%,"27,915,715",8%,"33,848,943",10%
